fbref_date,fbref_time,fbref_comp,fbref_round,fbref_day,fbref_hometeam,fbref_awayteam,fbref_score_fixtures_hometeam_result,fbref_score_fixtures_hometeam_gf,fbref_score_fixtures_hometeam_ga,fbref_score_fixtures_hometeam_poss,fbref_score_fixtures_hometeam_attendance,fbref_score_fixtures_hometeam_captain,fbref_referee,fbref_score_fixtures_awayteam_result,fbref_score_fixtures_awayteam_gf,fbref_score_fixtures_awayteam_ga,fbref_score_fixtures_awayteam_poss,fbref_score_fixtures_awayteam_attendance,fbref_score_fixtures_awayteam_captain,fbref_score_fixtures_awayteam_formation,fbref_score_fixtures_hometeam_formation,fbref_shooting_hometeam_result,fbref_shooting_hometeam_gf,fbref_shooting_hometeam_ga,fbref_shooting_hometeam_gls,fbref_shooting_hometeam_sh,fbref_shooting_hometeam_sot,fbref_shooting_hometeam_sot_percentage,fbref_shooting_hometeam_gsh,fbref_shooting_hometeam_gsot,fbref_shooting_hometeam_pk,fbref_shooting_hometeam_pkatt,fbref_shooting_awayteam_result,fbref_shooting_awayteam_gf,fbref_shooting_awayteam_ga,fbref_shooting_awayteam_gls,fbref_shooting_awayteam_sh,fbref_shooting_awayteam_sot,fbref_shooting_awayteam_sot_percentage,fbref_shooting_awayteam_gsh,fbref_shooting_awayteam_gsot,fbref_shooting_awayteam_pk,fbref_shooting_awayteam_pkatt,fbref_goalkeeping_hometeam_result,fbref_goalkeeping_hometeam_gf,fbref_goalkeeping_hometeam_ga,fbref_goalkeeping_hometeam_ga,fbref_goalkeeping_hometeam_ga,fbref_goalkeeping_hometeam_ga,fbref_goalkeeping_hometeam_saves,fbref_goalkeeping_hometeam_save_percentage,fbref_goalkeeping_hometeam_pkatt,fbref_goalkeeping_hometeam_pka,fbref_goalkeeping_hometeam_pksv,fbref_goalkeeping_hometeam_pkm,fbref_goalkeeping_awayteam_result,fbref_goalkeeping_awayteam_gf,fbref_goalkeeping_awayteam_ga,fbref_goalkeeping_awayteam_ga,fbref_goalkeeping_awayteam_ga,fbref_goalkeeping_awayteam_ga,fbref_goalkeeping_awayteam_sota,fbref_goalkeeping_awayteam_saves,fbref_goalkeeping_awayteam_save_percentage,fbref_goalkeeping_awayteam_pkatt,fbref_goalkeeping_awayteam_pka,fbref_goalkeeping_awayteam_pksv,fbref_goalkeeping_awayteam_pkm,fbref_full_season_format,fbref_shortened_season
2014-08-16,12:45,Premiership,Regular season,Sat,Celtic,Dundee United,W,6,1,,44484,,Craig Thomson,L,1,6,,44484,,,,W,6.0,1.0,6,,,,,,0,0,L,1.0,6.0,1,,,,,,0,0,W,6.0,1.0,1.0,1.0,1.0,,,0.0,0.0,0.0,0.0,L,1.0,6.0,6.0,6.0,6.0,,,,0.0,0.0,0.0,0.0,2014/2015,14/15
2014-09-13,12:45,Premiership,Regular season,Sat,Celtic,Aberdeen,W,2,1,,43640,,Bobby Madden,L,1,2,,43640,,,,W,2.0,1.0,2,,,,,,0,0,L,1.0,2.0,1,,,,,,0,0,W,2.0,1.0,1.0,1.0,1.0,,,0.0,0.0,0.0,0.0,L,1.0,2.0,2.0,2.0,2.0,,,,0.0,0.0,0.0,0.0,2014/2015,14/15
2014-09-21,15:00,Premiership,Regular season,Sun,Celtic,Motherwell,D,1,1,,41719,,Brian Colvin,D,1,1,,41719,,,,D,1.0,1.0,1,,,,,,1,1,D,1.0,1.0,1,,,,,,0,0,D,1.0,1.0,1.0,1.0,1.0,,,0.0,0.0,0.0,0.0,D,1.0,1.0,1.0,1.0,1.0,,,,1.0,1.0,0.0,0.0,2014/2015,14/15
2014-10-05,13:00,Premiership,Regular season,Sun,Celtic,Hamilton,L,0,1,,42412,,Steven McLean,W,1,0,,42412,,,,L,0.0,1.0,0,,,,,,0,0,W,1.0,0.0,1,,,,,,0,0,L,0.0,1.0,1.0,1.0,1.0,,,0.0,0.0,0.0,0.0,W,1.0,0.0,0.0,0.0,0.0,,,,0.0,0.0,0.0,0.0,2014/2015,14/15
2014-10-26,13:00,Premiership,Regular season,Sun,Celtic,Kilmarnock,W,2,0,,42800,,William Collum,L,0,2,,42800,,,,W,2.0,0.0,2,,,,,,0,0,L,0.0,2.0,0,,,,,,0,0,W,2.0,0.0,0.0,0.0,0.0,,,0.0,0.0,0.0,0.0,L,0.0,2.0,2.0,2.0,2.0,,,,0.0,0.0,0.0,0.0,2014/2015,14/15
2014-11-01,15:00,Premiership,Regular season,Sat,Celtic,Inverness CT,W,1,0,,42553,,Craig Thomson,L,0,1,,42553,,,,W,1.0,0.0,1,,,,,,0,0,L,0.0,1.0,0,,,,,,0,0,W,1.0,0.0,0.0,0.0,0.0,,,0.0,0.0,0.0,0.0,L,0.0,1.0,1.0,1.0,1.0,,,,0.0,0.0,0.0,0.0,2014/2015,14/15
2014-11-22,15:00,Premiership,Regular season,Sat,Celtic,Dundee,W,2,1,,43787,,Kevin Clancy,L,1,2,,43787,,,,W,2.0,1.0,2,,,,,,0,0,L,1.0,2.0,1,,,,,,0,0,W,2.0,1.0,1.0,1.0,1.0,,,0.0,0.0,0.0,0.0,L,1.0,2.0,2.0,2.0,2.0,,,,0.0,0.0,0.0,0.0,2014/2015,14/15
2014-12-03,19:45,Premiership,Regular season,Wed,Celtic,Partick Thistle,W,1,0,,40633,,Brian Colvin,L,0,1,,40633,,,,W,1.0,0.0,1,,,,,,0,0,L,0.0,1.0,0,,,,,,0,0,W,1.0,0.0,0.0,0.0,0.0,,,0.0,0.0,0.0,0.0,L,0.0,1.0,1.0,1.0,1.0,,,,0.0,0.0,0.0,0.0,2014/2015,14/15
2014-12-14,13:00,Premiership,Regular season,Sun,Celtic,St Mirren,W,4,1,,44827,,Craig Thomson,L,1,4,,44827,,,,W,4.0,1.0,4,,,,,,0,0,L,1.0,4.0,1,,,,,,0,0,W,4.0,1.0,1.0,1.0,1.0,,,0.0,0.0,0.0,0.0,L,1.0,4.0,4.0,4.0,4.0,,,,0.0,0.0,0.0,0.0,2014/2015,14/15
2014-12-27,15:00,Premiership,Regular season,Sat,Celtic,Ross County,D,0,0,,45798,,Crawford Allan,D,0,0,,45798,,,,D,0.0,0.0,0,,,,,,0,0,D,0.0,0.0,0,,,,,,0,0,D,0.0,0.0,0.0,0.0,0.0,,,0.0,0.0,0.0,0.0,D,0.0,0.0,0.0,0.0,0.0,,,,0.0,0.0,0.0,0.0,2014/2015,14/15
2015-01-21,19:45,Premiership,Regular season,Wed,Celtic,Motherwell,W,4,0,,42296,,Bobby Madden,L,0,4,,42296,,,,W,4.0,0.0,4,,,,,,0,0,L,0.0,4.0,0,,,,,,0,0,W,4.0,0.0,0.0,0.0,0.0,,,0.0,0.0,0.0,0.0,L,0.0,4.0,4.0,4.0,4.0,,,,0.0,0.0,0.0,0.0,2014/2015,14/15
2015-02-22,13:00,Premiership,Regular season,Sun,Celtic,Hamilton,W,4,0,,47989,,Brian Colvin,L,0,4,,47989,,,,W,4.0,0.0,4,,,,,,0,0,L,0.0,4.0,0,,,,,,0,0,W,4.0,0.0,0.0,0.0,0.0,,,0.0,0.0,0.0,0.0,L,0.0,4.0,4.0,4.0,4.0,,,,0.0,0.0,0.0,0.0,2014/2015,14/15
2015-03-01,12:00,Premiership,Regular season,Sun,Celtic,Aberdeen,W,4,0,,50256,,John Beaton,L,0,4,,50256,,,,W,4.0,0.0,4,,,,,,1,1,L,0.0,4.0,0,,,,,,0,0,W,4.0,0.0,0.0,0.0,0.0,,,0.0,0.0,0.0,0.0,L,0.0,4.0,4.0,4.0,4.0,,,,1.0,1.0,0.0,0.0,2014/2015,14/15
2015-03-04,19:45,Premiership,Regular season,Wed,Celtic,St Johnstone,L,0,1,,41849,,Calm Murray,W,1,0,,41849,,,,L,0.0,1.0,0,,,,,,0,0,W,1,0,1,,,,,,0,0,L,0.0,1.0,1.0,1.0,1.0,,,0.0,0.0,0.0,0.0,W,1,0,0.0,0,0.0,,,,0.0,0.0,0.0,0.0,2014/2015,14/15
2015-03-21,15:00,Premiership,Regular season,Sat,Celtic,Dundee United,W,3,0,,45884,,Kevin Clancy,L,0,3,,45884,,,,W,3.0,0.0,3,,,,,,0,0,L,0.0,3.0,0,,,,,,0,0,W,3.0,0.0,0.0,0.0,0.0,,,0.0,0.0,0.0,0.0,L,0.0,3.0,3.0,3.0,3.0,,,,0.0,0.0,0.0,0.0,2014/2015,14/15
2015-04-08,19:45,Premiership,Regular season,Wed,Celtic,Partick Thistle,W,2,0,,43784,,William Collum,L,0,2,,43784,,,,W,2.0,0.0,2,,,,,,1,1,L,0.0,2.0,0,,,,,,0,0,W,2.0,0.0,0.0,0.0,0.0,,,0.0,0.0,0.0,0.0,L,0.0,2.0,2.0,2.0,2.0,,,,1.0,1.0,0.0,0.0,2014/2015,14/15
2015-04-15,19:45,Premiership,Regular season,Wed,Celtic,Kilmarnock,W,4,1,,42464,,Crawford Allan,L,1,4,,42464,,,,W,4.0,1.0,4,,,,,,0,0,L,1.0,4.0,1,,,,,,0,0,W,4.0,1.0,1.0,1.0,1.0,,,0.0,0.0,0.0,0.0,L,1.0,4.0,4.0,4.0,4.0,,,,0.0,0.0,0.0,0.0,2014/2015,14/15
2015-05-01,19:45,Premiership,Championship round,Fri,Celtic,Dundee,W,5,0,,44299,,Bobby Madden,L,0,5,,44299,,,,W,5.0,0.0,5,,,,,,1,1,L,0.0,5.0,0,,,,,,0,0,W,5.0,0.0,0.0,0.0,0.0,,,0.0,0.0,0.0,0.0,L,0.0,5.0,5.0,5.0,5.0,,,,1.0,1.0,0.0,0.0,2014/2015,14/15
2015-05-24,12:30,Premiership,Championship round,Sun,Celtic,Inverness CT,W,5,0,,55638,,Kevin Clancy,L,0,5,,55638,,,,W,5.0,0.0,5,,,,,,0,0,L,0.0,5.0,0,,,,,,0,0,W,5.0,0.0,0.0,0.0,0.0,,,0.0,0.0,0.0,0.0,L,0.0,5.0,,5.0,,0.0,,,0.0,0.0,0.0,0.0,2014/2015,14/15
2014-08-10,15:00,Premiership,Regular season,Sun,Aberdeen,Dundee United,L,0,3,,16471,,William Collum,W,3,0,,16471,,,,L,0.0,3.0,0,,,,,,0,0,W,3.0,0.0,3,,,,,,0,0,L,0.0,3.0,3.0,3.0,3.0,,,0.0,0.0,0.0,0.0,W,3.0,0.0,0.0,0.0,0.0,,,,0.0,0.0,0.0,0.0,2014/2015,14/15
2014-08-30,15:00,Premiership,Regular season,Sat,Aberdeen,Partick Thistle,W,2,0,,11003,,Brian Colvin,L,0,2,,11003,,,,W,2.0,0.0,2,,,,,,0,0,L,0.0,2.0,0,,,,,,0,0,W,2.0,0.0,0.0,0.0,0.0,,,0.0,0.0,0.0,0.0,L,0.0,2.0,2.0,2.0,2.0,,,,0.0,0.0,0.0,0.0,2014/2015,14/15
2014-09-20,15:00,Premiership,Regular season,Sat,Aberdeen,Ross County,W,3,0,,10865,,Craig Thomson,L,0,3,,10865,,,,W,3.0,0.0,3,,,,,,0,0,L,0.0,3.0,0,,,,,,0,0,W,3.0,0.0,0.0,0.0,0.0,,,0.0,0.0,0.0,0.0,L,0.0,3.0,3.0,3.0,3.0,,,,0.0,0.0,0.0,0.0,2014/2015,14/15
2014-09-27,15:00,Premiership,Regular season,Sat,Aberdeen,Inverness CT,W,3,2,,11414,,John Beaton,L,2,3,,11414,,,,W,3.0,2.0,3,,,,,,0,0,L,2.0,3.0,2,,,,,,0,0,W,3.0,2.0,2.0,2.0,2.0,,,0.0,0.0,0.0,0.0,L,2.0,3.0,3.0,3.0,3.0,,,,0.0,0.0,0.0,0.0,2014/2015,14/15
2014-09-30,19:45,Premiership,Regular season,Tue,Aberdeen,St Mirren,D,2,2,,10373,,Crawford Allan,D,2,2,,10373,,,,D,2.0,2.0,2,,,,,,0,0,D,2.0,2.0,2,,,,,,1,1,D,2.0,2.0,2.0,2.0,2.0,,,1.0,1.0,0.0,0.0,D,2.0,2.0,2.0,2.0,2.0,,,,0.0,0.0,0.0,0.0,2014/2015,14/15
2014-10-24,19:45,Premiership,Regular season,Fri,Aberdeen,Motherwell,W,1,0,,11149,,Crawford Allan,L,0,1,,11149,,,,W,1.0,0.0,1,,,,,,0,0,L,0.0,1.0,0,,,,,,0,0,W,1.0,0.0,0.0,0.0,0.0,,,0.0,0.0,0.0,0.0,L,0.0,1.0,1.0,1.0,1.0,,,,0.0,0.0,0.0,0.0,2014/2015,14/15
2014-11-09,12:30,Premiership,Regular season,Sun,Aberdeen,Celtic,L,1,2,,19051,,Alan Muir,W,2,1,,19051,,,,L,1.0,2.0,1,,,,,,0,0,W,2.0,1.0,2,,,,,,0,0,L,1.0,2.0,2.0,2.0,2.0,,,0.0,0.0,0.0,0.0,W,2.0,1.0,1.0,1.0,1.0,,,,0.0,0.0,0.0,0.0,2014/2015,14/15
2014-12-06,15:00,Premiership,Regular season,Sat,Aberdeen,Hamilton,W,3,0,,10330,,Brian Colvin,L,0,3,,10330,,,,W,3.0,0.0,3,,,,,,1,1,L,0.0,3.0,0,,,,,,0,0,W,3.0,0.0,0.0,0.0,0.0,,,0.0,0.0,0.0,0.0,L,0.0,3.0,3.0,3.0,3.0,,,,1.0,1.0,0.0,0.0,2014/2015,14/15
2014-12-20,15:00,Premiership,Regular season,Sat,Aberdeen,Kilmarnock,W,1,0,,11282,,Andrew Dallas,L,0,1,,11282,,,,W,1.0,0.0,1,,,,,,0,0,L,0.0,1.0,0,,,,,,0,0,W,1.0,0.0,0.0,0.0,0.0,,,0.0,0.0,0.0,0.0,L,0.0,1.0,1.0,1.0,1.0,,,,0.0,0.0,0.0,0.0,2014/2015,14/15
2015-01-01,15:00,Premiership,Regular season,Thu,Aberdeen,St Johnstone,W,2,0,,15263,,Craig Thomson,L,0,2,,15263,,,,W,2.0,0.0,2,,,,,,0,0,L,0,2,0,,,,,,0,0,W,2.0,0.0,0.0,0.0,0.0,,,0.0,0.0,0.0,0.0,L,0,2,2.0,2,2.0,,,,0.0,0.0,0.0,0.0,2014/2015,14/15
2015-01-17,15:00,Premiership,Regular season,Sat,Aberdeen,Dundee,D,3,3,,16796,,Alan Muir,D,3,3,,16796,,,,D,3.0,3.0,3,,,,,,0,0,D,3.0,3.0,3,,,,,,0,0,D,3.0,3.0,3.0,3.0,3.0,,,0.0,0.0,0.0,0.0,D,3.0,3.0,3.0,3.0,3.0,,,,0.0,0.0,0.0,0.0,2014/2015,14/15
2015-02-07,15:00,Premiership,Regular season,Sat,Aberdeen,Ross County,W,4,0,,12036,,Craig Thomson,L,0,4,,12036,,,,W,4.0,0.0,4,,,,,,0,0,L,0.0,4.0,0,,,,,,0,0,W,4.0,0.0,0.0,0.0,0.0,,,0.0,0.0,0.0,0.0,L,0.0,4.0,4.0,4.0,4.0,,,,0.0,0.0,0.0,0.0,2014/2015,14/15
2015-02-21,15:00,Premiership,Regular season,Sat,Aberdeen,St Mirren,W,3,0,,14720,,Kevin Clancy,L,0,3,,14720,,,,W,3.0,0.0,3,,,,,,0,0,L,0.0,3.0,0,,,,,,0,0,W,3.0,0.0,0.0,0.0,0.0,,,0.0,0.0,0.0,0.0,L,0.0,3.0,3.0,3.0,3.0,,,,0.0,0.0,0.0,0.0,2014/2015,14/15
2015-03-13,19:45,Premiership,Regular season,Fri,Aberdeen,Motherwell,W,2,1,,13267,,Crawford Allan,L,1,2,,13267,,,,W,2.0,1.0,2,,,,,,0,0,L,1.0,2.0,1,,,,,,0,0,W,2.0,1.0,1.0,1.0,1.0,,,0.0,0.0,0.0,0.0,L,1.0,2.0,2.0,2.0,2.0,,,,0.0,0.0,0.0,0.0,2014/2015,14/15
2015-04-04,15:00,Premiership,Regular season,Sat,Aberdeen,Partick Thistle,D,0,0,,12727,,Kevin Clancy,D,0,0,,12727,,,,D,0.0,0.0,0,,,,,,0,0,D,0.0,0.0,0,,,,,,0,0,D,0.0,0.0,0.0,0.0,0.0,,,0.0,0.0,0.0,0.0,D,0.0,0.0,0.0,0.0,0.0,,,,0.0,0.0,0.0,0.0,2014/2015,14/15
2015-04-08,19:45,Premiership,Regular season,Wed,Aberdeen,Inverness CT,W,1,0,,11319,,Calm Murray,L,0,1,,11319,,,,W,1.0,0.0,1,,,,,,0,0,L,0.0,1.0,0,,,,,,0,0,W,1.0,0.0,0.0,0.0,0.0,,,0.0,0.0,0.0,0.0,L,0.0,1.0,1.0,1.0,1.0,,,,0.0,0.0,0.0,0.0,2014/2015,14/15
2015-04-18,15:00,Premiership,Regular season,Sat,Aberdeen,Dundee United,W,1,0,,12619,,Bobby Madden,L,0,1,,12619,,,,W,1.0,0.0,1,,,,,,0,0,L,0.0,1.0,0,,,,,,0,0,W,1.0,0.0,0.0,0.0,0.0,,,0.0,0.0,0.0,0.0,L,0.0,1.0,1.0,1.0,1.0,,,,0.0,0.0,0.0,0.0,2014/2015,14/15
2015-05-10,14:30,Premiership,Championship round,Sun,Aberdeen,Celtic,L,0,1,,16742,,Craig Thomson,W,1,0,,16742,,,,L,0.0,1.0,0,,,,,,0,0,W,1.0,0.0,1,,,,,,0,0,L,0.0,1.0,1.0,1.0,1.0,,,0.0,0.0,0.0,0.0,W,1.0,0.0,0.0,0.0,0.0,,,,0.0,0.0,0.0,0.0,2014/2015,14/15
2015-05-24,12:30,Premiership,Championship round,Sun,Aberdeen,St Johnstone,L,0,1,,16389,,William Collum,W,1,0,,16389,,,,L,0.0,1.0,0,,,,,,0,0,W,1,0,1,,,,,,0,0,L,0.0,1.0,1.0,1.0,1.0,,,0.0,0.0,0.0,0.0,W,1,0,0.0,0,0.0,,,,0.0,0.0,0.0,0.0,2014/2015,14/15
2014-08-13,19:45,Premiership,Regular season,Wed,Inverness CT,Dundee,D,0,0,,3082,,Stephen Finnie,D,0,0,,3082,,,,D,0.0,0.0,0,,,,,,0,0,D,0.0,0.0,0,,,,,,0,0,D,0.0,0.0,0.0,0.0,0.0,,,0.0,0.0,0.0,0.0,D,0.0,0.0,0.0,0.0,0.0,,,,0.0,0.0,0.0,0.0,2014/2015,14/15
2014-08-23,12:30,Premiership,Regular season,Sat,Inverness CT,Celtic,W,1,0,,5862,,Bobby Madden,L,0,1,,5862,,,,W,1.0,0.0,0,,,,,,0,0,L,0.0,1.0,0,,,,,,0,0,W,1.0,0.0,0.0,0.0,0.0,,,0.0,0.0,0.0,0.0,L,0.0,1.0,1.0,1.0,1.0,,,,0.0,0.0,0.0,0.0,2014/2015,14/15
2014-08-30,15:00,Premiership,Regular season,Sat,Inverness CT,Kilmarnock,W,2,0,,3830,,John Beaton,L,0,2,,3830,,,,W,2.0,0.0,2,,,,,,0,0,L,0.0,2.0,0,,,,,,0,0,W,2.0,0.0,0.0,0.0,0.0,,,0.0,0.0,0.0,0.0,L,0.0,2.0,2.0,2.0,2.0,,,,0.0,0.0,0.0,0.0,2014/2015,14/15
2014-09-20,15:00,Premiership,Regular season,Sat,Inverness CT,St Johnstone,W,2,1,,2770,,Calm Murray,L,1,2,,2770,,,,W,2.0,1.0,2,,,,,,0,0,L,1,2,1,,,,,,0,0,W,2.0,1.0,1.0,1.0,1.0,,,0.0,0.0,0.0,0.0,L,1,2,2.0,2,2.0,,,,0.0,0.0,0.0,0.0,2014/2015,14/15
2014-10-05,12:45,Premiership,Regular season,Sun,Inverness CT,Ross County,D,1,1,,3741,,Craig Thomson,D,1,1,,3741,,,,D,1.0,1.0,1,,,,,,0,0,D,1.0,1.0,1,,,,,,0,0,D,1.0,1.0,1.0,1.0,1.0,,,0.0,0.0,0.0,0.0,D,1.0,1.0,1.0,1.0,1.0,,,,0.0,0.0,0.0,0.0,2014/2015,14/15
2014-10-25,15:00,Premiership,Regular season,Sat,Inverness CT,Dundee United,W,1,0,,3508,,Kevin Clancy,L,0,1,,3508,,,,W,1.0,0.0,1,,,,,,0,0,L,0.0,1.0,0,,,,,,0,0,W,1.0,0.0,0.0,0.0,0.0,,,0.0,0.0,0.0,0.0,L,0.0,1.0,1.0,1.0,1.0,,,,0.0,0.0,0.0,0.0,2014/2015,14/15
2014-11-08,15:00,Premiership,Regular season,Sat,Inverness CT,Hamilton,W,4,2,,3022,,William Collum,L,2,4,,3022,,,,W,4.0,2.0,4,,,,,,0,0,L,2.0,4.0,2,,,,,,0,0,W,4.0,2.0,2.0,2.0,2.0,,,0.0,0.0,0.0,0.0,L,2.0,4.0,4.0,4.0,4.0,,,,0.0,0.0,0.0,0.0,2014/2015,14/15
2014-11-22,15:00,Premiership,Regular season,Sat,Inverness CT,Motherwell,W,3,1,,3037,,Bobby Madden,L,1,3,,3037,,,,W,3.0,1.0,3,,,,,,0,0,L,1.0,3.0,1,,,,,,0,0,W,3.0,1.0,,1.0,,,,,,,,L,1.0,3.0,3.0,3.0,3.0,,,,0.0,0.0,0.0,0.0,2014/2015,14/15
2014-12-13,15:00,Premiership,Regular season,Sat,Inverness CT,Partick Thistle,L,0,4,,2723,,John Beaton,W,4,0,,2723,,,,L,0.0,4.0,0,,,,,,0,0,W,4.0,0.0,4,,,,,,0,0,L,0.0,4.0,4.0,4.0,4.0,,,0.0,0.0,0.0,0.0,W,4.0,0.0,0.0,0.0,0.0,,,,0.0,0.0,0.0,0.0,2014/2015,14/15
2014-12-28,15:00,Premiership,Regular season,Sun,Inverness CT,Aberdeen,L,0,1,,6614,,Calm Murray,W,1,0,,6614,,,,L,0.0,1.0,0,,,,,,0,0,W,1.0,0.0,1,,,,,,0,0,L,0.0,1.0,1.0,1.0,1.0,,,0.0,0.0,0.0,0.0,W,1.0,0.0,0.0,0.0,0.0,,,,0.0,0.0,0.0,0.0,2014/2015,14/15
2015-01-04,15:00,Premiership,Regular season,Sun,Inverness CT,St Mirren,W,1,0,,2751,,Bobby Madden,L,0,1,,2751,,,,W,1.0,0.0,1,,,,,,0,0,L,0.0,1.0,0,,,,,,0,0,W,1.0,0.0,0.0,0.0,0.0,,,0.0,0.0,0.0,0.0,L,0.0,1.0,1.0,1.0,1.0,,,,0.0,0.0,0.0,0.0,2014/2015,14/15
2015-01-20,19:45,Premiership,Regular season,Tue,Inverness CT,St Johnstone,W,2,0,,3161,,Kevin Clancy,L,0,2,,3161,,,,W,2.0,0.0,2,,,,,,0,0,L,0,2,0,,,,,,0,0,W,2.0,0.0,0.0,0.0,0.0,,,0.0,0.0,0.0,0.0,L,0,2,2.0,2,2.0,,,,0.0,0.0,0.0,0.0,2014/2015,14/15
2015-01-31,15:00,Premiership,Regular season,Sat,Inverness CT,Ross County,D,1,1,,4021,,John Beaton,D,1,1,,4021,,,,D,1.0,1.0,1,,,,,,0,0,D,1.0,1.0,1,,,,,,0,0,D,1.0,1.0,1.0,1.0,1.0,,,0.0,0.0,0.0,0.0,D,1.0,1.0,1.0,1.0,1.0,,,,0.0,0.0,0.0,0.0,2014/2015,14/15
2015-02-21,15:00,Premiership,Regular season,Sat,Inverness CT,Kilmarnock,D,3,3,,2912,,Steven McLean,D,3,3,,2912,,,,D,3.0,3.0,3,,,,,,0,0,D,3.0,3.0,3,,,,,,0,0,D,3.0,3.0,3.0,3.0,3.0,,,0.0,0.0,0.0,0.0,D,3.0,3.0,3.0,3.0,3.0,,,,0.0,0.0,0.0,0.0,2014/2015,14/15
2015-04-04,15:00,Premiership,Regular season,Sat,Inverness CT,Dundee,D,1,1,,3362,,William Collum,D,1,1,,3362,,,,D,1.0,1.0,1,,,,,,0,0,D,1.0,1.0,1,,,,,,0,0,D,1.0,1.0,1.0,1.0,1.0,,,0.0,0.0,0.0,0.0,D,1.0,1.0,1.0,1.0,1.0,,,,0.0,0.0,0.0,0.0,2014/2015,14/15
2015-04-11,12:45,Premiership,Regular season,Sat,Inverness CT,Celtic,D,1,1,,6059,,Craig Thomson,D,1,1,,6059,,,,D,1.0,1.0,1,,,,,,0,0,D,1.0,1.0,1,,,,,,0,0,D,1.0,1.0,,1.0,,,,0.0,0.0,0.0,0.0,D,1.0,1.0,1.0,1.0,1.0,,,,0.0,0.0,0.0,0.0,2014/2015,14/15
2015-04-25,15:00,Premiership,Championship round,Sat,Inverness CT,Aberdeen,L,1,2,,4530,,Crawford Allan,W,2,1,,4530,,,,L,1.0,2.0,1,,,,,,0,0,W,2.0,1.0,1,,,,,,0,0,L,1.0,2.0,2.0,2.0,2.0,,,0.0,0.0,0.0,0.0,W,2.0,1.0,1.0,1.0,1.0,,,,0.0,0.0,0.0,0.0,2014/2015,14/15
2015-05-05,19:45,Premiership,Regular season,Tue,Inverness CT,Dundee United,W,2,1,,2426,,Calm Murray,L,1,2,,2426,,,,W,2.0,1.0,2,,,,,,0,0,L,1.0,2.0,1,,,,,,0,0,W,2.0,1.0,1.0,1.0,1.0,,,0.0,0.0,0.0,0.0,L,1.0,2.0,2.0,2.0,2.0,,,,0.0,0.0,0.0,0.0,2014/2015,14/15
2015-05-16,15:00,Premiership,Championship round,Sat,Inverness CT,Dundee United,W,3,0,,3508,,Craig Thomson,L,0,3,,3508,,,,W,3.0,0.0,3,,,,,,0,0,L,0.0,3.0,0,,,,,,0,0,W,3.0,0.0,0.0,0.0,0.0,,,0.0,0.0,0.0,0.0,L,0.0,3.0,,3.0,,0.0,,,0.0,0.0,0.0,0.0,2014/2015,14/15
2014-08-13,19:45,Premiership,Regular season,Wed,St Johnstone,Celtic,L,0,3,,6890,,John Beaton,W,3,0,,6890,,,,L,0,3,0,,,,,,0,0,W,3.0,0.0,3,,,,,,1,1,L,0,3,3.0,3,3.0,,,1.0,1.0,0.0,0.0,W,3.0,0.0,0.0,0.0,0.0,,,,0.0,0.0,0.0,0.0,2014/2015,14/15
2014-08-23,15:00,Premiership,Regular season,Sat,St Johnstone,Aberdeen,W,1,0,,6377,,Craig Thomson,L,0,1,,6377,,,,W,1,0,1,,,,,,0,0,L,0.0,1.0,0,,,,,,0,0,W,1,0,0.0,0,0.0,,,0.0,0.0,0.0,0.0,L,0.0,1.0,1.0,1.0,1.0,,,,0.0,0.0,0.0,0.0,2014/2015,14/15
2014-09-13,15:00,Premiership,Regular season,Sat,St Johnstone,Dundee,L,0,1,,6562,,William Collum,W,1,0,,6562,,,,L,0,1,0,,,,,,0,0,W,1.0,0.0,1,,,,,,0,0,L,0,1,1.0,1,1.0,,,0.0,0.0,0.0,0.0,W,1.0,0.0,0.0,0.0,0.0,,,,0.0,0.0,0.0,0.0,2014/2015,14/15
2014-10-04,15:00,Premiership,Regular season,Sat,St Johnstone,St Mirren,L,1,2,,3400,,Don Robertson,W,2,1,,3400,,,,L,1,2,1,,,,,,0,0,W,2.0,1.0,2,,,,,,0,0,L,1,2,2.0,2,2.0,,,0.0,0.0,0.0,0.0,W,2.0,1.0,1.0,1.0,1.0,,,,0.0,0.0,0.0,0.0,2014/2015,14/15
2014-10-18,15:00,Premiership,Regular season,Sat,St Johnstone,Kilmarnock,L,1,2,,3115,,Craig Thomson,W,2,1,,3115,,,,L,1,2,1,,,,,,0,0,W,2.0,1.0,2,,,,,,0,0,L,1,2,2.0,2,2.0,,,0.0,0.0,0.0,0.0,W,2.0,1.0,1.0,1.0,1.0,,,,0.0,0.0,0.0,0.0,2014/2015,14/15
2014-10-31,19:45,Premiership,Regular season,Fri,St Johnstone,Motherwell,W,2,1,,2531,,Kevin Clancy,L,1,2,,2531,,,,W,2,1,2,,,,,,0,0,L,1.0,2.0,1,,,,,,0,0,W,2,1,1.0,1,1.0,,,0.0,0.0,0.0,0.0,L,1.0,2.0,2.0,2.0,2.0,,,,0.0,0.0,0.0,0.0,2014/2015,14/15
2014-11-22,15:00,Premiership,Regular season,Sat,St Johnstone,Ross County,W,2,1,,2776,,Simon MacLean,L,1,2,,2776,,,,W,2,1,2,,,,,,0,0,L,1.0,2.0,1,,,,,,0,0,W,2,1,1.0,1,1.0,,,0.0,0.0,0.0,0.0,L,1.0,2.0,2.0,2.0,2.0,,,,0.0,0.0,0.0,0.0,2014/2015,14/15
2014-12-20,15:00,Premiership,Regular season,Sat,St Johnstone,Inverness CT,W,1,0,,2891,,Brian Colvin,L,0,1,,2891,,,,W,1,0,1,,,,,,1,1,L,0.0,1.0,0,,,,,,0,0,W,1,0,0.0,0,0.0,,,0.0,0.0,0.0,0.0,L,0.0,1.0,1.0,1.0,1.0,,,,1.0,1.0,0.0,0.0,2014/2015,14/15
2014-12-27,15:00,Premiership,Regular season,Sat,St Johnstone,Dundee United,W,2,1,,7384,,Alan Muir,L,1,2,,7384,,,,W,2,1,2,,,,,,0,0,L,1.0,2.0,1,,,,,,0,0,W,2,1,1.0,1,1.0,,,0.0,0.0,0.0,0.0,L,1.0,2.0,2.0,2.0,2.0,,,,0.0,0.0,0.0,0.0,2014/2015,14/15
2015-01-04,15:00,Premiership,Regular season,Sun,St Johnstone,Hamilton,L,0,1,,3202,,Andrew Dallas,W,1,0,,3202,,,,L,0,1,0,,,,,,0,0,W,1.0,0.0,1,,,,,,0,0,L,0,1,1.0,1,1.0,,,0.0,0.0,0.0,0.0,W,1.0,0.0,0.0,0.0,0.0,,,,0.0,0.0,0.0,0.0,2014/2015,14/15
2015-01-17,15:00,Premiership,Regular season,Sat,St Johnstone,Partick Thistle,W,2,0,,2994,,Greg Aitken,L,0,2,,2994,,,,W,2,0,2,,,,,,0,0,L,0.0,2.0,0,,,,,,0,0,W,2,0,0.0,0,0.0,,,0.0,0.0,0.0,0.0,L,0.0,2.0,2.0,2.0,2.0,,,,0.0,0.0,0.0,0.0,2014/2015,14/15
2015-01-23,19:45,Premiership,Regular season,Fri,St Johnstone,Aberdeen,D,1,1,,4845,,Bobby Madden,D,1,1,,4845,,,,D,1,1,1,,,,,,0,0,D,1.0,1.0,1,,,,,,0,0,D,1,1,1.0,1,1.0,,,0.0,0.0,0.0,0.0,D,1.0,1.0,1.0,1.0,1.0,,,,0.0,0.0,0.0,0.0,2014/2015,14/15
2015-02-14,12:45,Premiership,Regular season,Sat,St Johnstone,Celtic,L,1,2,,6727,,Kevin Clancy,W,2,1,,6727,,,,L,1,2,1,,,,,,0,0,W,2.0,1.0,2,,,,,,0,0,L,1,2,2.0,2,2.0,,,0.0,0.0,0.0,0.0,W,2.0,1.0,1.0,1.0,1.0,,,,0.0,0.0,0.0,0.0,2014/2015,14/15
2015-02-28,15:00,Premiership,Regular season,Sat,St Johnstone,Kilmarnock,D,0,0,,3170,,Euan Anderson,D,0,0,,3170,,,,D,0,0,0,,,,,,0,0,D,0.0,0.0,0,,,,,,0,0,D,0,0,0.0,0,0.0,,,0.0,0.0,0.0,0.0,D,0.0,0.0,0.0,0.0,0.0,,,,0.0,0.0,0.0,0.0,2014/2015,14/15
2015-03-21,15:00,Premiership,Regular season,Sat,St Johnstone,St Mirren,W,2,0,,3166,,John Beaton,L,0,2,,3166,,,,W,2,0,2,,,,,,0,0,L,0.0,2.0,0,,,,,,0,0,W,2,0,0.0,0,0.0,,,0.0,0.0,0.0,0.0,L,0.0,2.0,2.0,2.0,2.0,,,,0.0,0.0,0.0,0.0,2014/2015,14/15
2015-04-11,15:00,Premiership,Regular season,Sat,St Johnstone,Dundee,W,1,0,,6386,,Steven McLean,L,0,1,,6386,,,,W,1,0,1,,,,,,0,0,L,0.0,1.0,0,,,,,,0,0,W,1,0,0.0,0,0.0,,,0.0,0.0,0.0,0.0,L,0.0,1.0,1.0,1.0,1.0,,,,0.0,0.0,0.0,0.0,2014/2015,14/15
2015-05-02,15:00,Premiership,Championship round,Sat,St Johnstone,Inverness CT,D,1,1,,2986,,Andrew Dallas,D,1,1,,2986,,,,D,1,1,1,,,,,,0,0,D,1.0,1.0,1,,,,,,0,0,D,1,1,1.0,1,1.0,,,0.0,0.0,0.0,0.0,D,1.0,1.0,1.0,1.0,1.0,,,,0.0,0.0,0.0,0.0,2014/2015,14/15
2015-05-09,15:00,Premiership,Championship round,Sat,St Johnstone,Dundee United,D,1,1,,4862,,Kevin Clancy,D,1,1,,4862,,,,D,1,1,1,,,,,,0,1,D,1.0,1.0,1,,,,,,0,0,D,1,1,1.0,1,1.0,,,0.0,0.0,0.0,0.0,D,1.0,1.0,1.0,1.0,1.0,,,,2.0,0.0,1.0,1.0,2014/2015,14/15
2015-05-15,19:45,Premiership,Championship round,Fri,St Johnstone,Celtic,D,0,0,,6984,,Crawford Allan,D,0,0,,6984,,,,D,0,0,0,,,,,,0,0,D,0.0,0.0,0,,,,,,0,0,D,0,0,0.0,0,0.0,,,0.0,0.0,0.0,0.0,D,0.0,0.0,0.0,0.0,0.0,,,,0.0,0.0,0.0,0.0,2014/2015,14/15
2014-08-13,19:45,Premiership,Regular season,Wed,Dundee United,Motherwell,W,1,0,,8367,,Kevin Clancy,L,0,1,,8367,,,,W,1.0,0.0,1,,,,,,0,0,L,0.0,1.0,0,,,,,,0,0,W,1.0,0.0,0.0,0.0,0.0,,,0.0,0.0,0.0,0.0,L,0.0,1.0,1.0,1.0,1.0,,,,0.0,0.0,0.0,0.0,2014/2015,14/15
2014-08-23,15:00,Premiership,Regular season,Sat,Dundee United,Ross County,W,2,1,,7179,,Steven McLean,L,1,2,,7179,,,,W,2.0,1.0,2,,,,,,0,0,L,1.0,2.0,1,,,,,,0,0,W,2.0,1.0,1.0,1.0,1.0,,,0.0,0.0,0.0,0.0,L,1.0,2.0,2.0,2.0,2.0,,,,0.0,0.0,0.0,0.0,2014/2015,14/15
2014-09-13,15:00,Premiership,Regular season,Sat,Dundee United,Hamilton,D,2,2,,7109,,John Beaton,D,2,2,,7109,,,,D,2.0,2.0,2,,,,,,0,0,D,2.0,2.0,2,,,,,,0,0,D,2.0,2.0,2.0,2.0,2.0,,,0.0,0.0,0.0,0.0,D,2.0,2.0,2.0,2.0,2.0,,,,0.0,0.0,0.0,0.0,2014/2015,14/15
2014-09-27,15:00,Premiership,Regular season,Sat,Dundee United,St Johnstone,W,2,0,,7161,,Bobby Madden,L,0,2,,7161,,,,W,2.0,0.0,2,,,,,,0,0,L,0,2,0,,,,,,0,0,W,2.0,0.0,0.0,0.0,0.0,,,0.0,0.0,0.0,0.0,L,0,2,2.0,2,2.0,,,,0.0,0.0,0.0,0.0,2014/2015,14/15
2014-10-18,15:00,Premiership,Regular season,Sat,Dundee United,Partick Thistle,W,1,0,,6756,,Steven McLean,L,0,1,,6756,,,,W,1.0,0.0,1,,,,,,1,1,L,0.0,1.0,0,,,,,,0,0,W,1.0,0.0,0.0,0.0,0.0,,,0.0,0.0,0.0,0.0,L,0.0,1.0,1.0,1.0,1.0,,,,1.0,1.0,0.0,0.0,2014/2015,14/15
2014-11-01,15:00,Premiership,Regular season,Sat,Dundee United,St Mirren,W,3,0,,6808,,Andrew Dallas,L,0,3,,6808,,,,W,3.0,0.0,3,,,,,,0,0,L,0.0,3.0,0,,,,,,0,0,W,3.0,0.0,0.0,0.0,0.0,,,0.0,0.0,0.0,0.0,L,0.0,3.0,3.0,3.0,3.0,,,,0.0,0.0,0.0,0.0,2014/2015,14/15
2014-11-22,15:00,Premiership,Regular season,Sat,Dundee United,Kilmarnock,W,3,1,,6664,,John Beaton,L,1,3,,6664,,,,W,3.0,1.0,3,,,,,,0,0,L,1.0,3.0,1,,,,,,0,0,W,3.0,1.0,1.0,1.0,1.0,,,0.0,0.0,0.0,0.0,L,1.0,3.0,3.0,3.0,3.0,,,,0.0,0.0,0.0,0.0,2014/2015,14/15
2014-12-13,15:00,Premiership,Regular season,Sat,Dundee United,Aberdeen,L,0,2,,11196,,Crawford Allan,W,2,0,,11196,,,,L,0.0,2.0,0,,,,,,0,0,W,2.0,0.0,2,,,,,,0,0,L,0.0,2.0,2.0,2.0,2.0,,,0.0,0.0,0.0,0.0,W,2.0,0.0,0.0,0.0,0.0,,,,0.0,0.0,0.0,0.0,2014/2015,14/15
2014-12-21,12:15,Premiership,Regular season,Sun,Dundee United,Celtic,W,2,1,,12098,,Steven McLean,L,1,2,,12098,,,,W,2.0,1.0,2,,,,,,0,0,L,1.0,2.0,1,,,,,,0,0,W,2.0,1.0,1.0,1.0,1.0,,,0.0,0.0,0.0,0.0,L,1.0,2.0,2.0,2.0,2.0,,,,0.0,0.0,0.0,0.0,2014/2015,14/15
2015-01-01,12:15,Premiership,Regular season,Thu,Dundee United,Dundee,W,6,2,,12964,,Kevin Clancy,L,2,6,,12964,,,,W,6.0,2.0,6,,,,,,0,0,L,2.0,6.0,2,,,,,,0,0,W,6.0,2.0,2.0,2.0,2.0,,,0.0,0.0,0.0,0.0,L,2.0,6.0,6.0,6.0,6.0,,,,0.0,0.0,0.0,0.0,2014/2015,14/15
2015-01-24,15:00,Premiership,Regular season,Sat,Dundee United,Motherwell,W,3,1,,7176,,Craig Thomson,L,1,3,,7176,,,,W,3.0,1.0,3,,,,,,0,0,L,1.0,3.0,1,,,,,,0,0,W,3.0,1.0,1.0,1.0,1.0,,,0.0,0.0,0.0,0.0,L,1.0,3.0,3.0,3.0,3.0,,,,0.0,0.0,0.0,0.0,2014/2015,14/15
2015-02-21,15:00,Premiership,Regular season,Sat,Dundee United,St Johnstone,L,0,2,,7623,,William Collum,W,2,0,,7623,,,,L,0.0,2.0,0,,,,,,0,0,W,2,0,2,,,,,,0,0,L,0.0,2.0,2.0,2.0,2.0,,,0.0,0.0,0.0,0.0,W,2,0,0.0,0,0.0,,,,0.0,0.0,0.0,0.0,2014/2015,14/15
2015-02-24,19:45,Premiership,Regular season,Tue,Dundee United,Inverness CT,D,1,1,,7276,,Calm Murray,D,1,1,,7276,,,,D,1.0,1.0,1,,,,,,0,0,D,1.0,1.0,1,,,,,,1,1,D,1.0,1.0,,1.0,,,,1.0,1.0,0.0,0.0,D,1.0,1.0,1.0,1.0,1.0,,,,0.0,0.0,0.0,0.0,2014/2015,14/15
2015-02-28,15:00,Premiership,Regular season,Sat,Dundee United,Partick Thistle,L,0,2,,6517,,Greg Aitken,W,2,0,,6517,,,,L,0.0,2.0,0,,,,,,0,0,W,2.0,0.0,1,,,,,,0,0,L,0.0,2.0,2.0,2.0,2.0,,,0.0,0.0,0.0,0.0,W,2.0,0.0,0.0,0.0,0.0,,,,0.0,0.0,0.0,0.0,2014/2015,14/15
2015-04-04,15:00,Premiership,Regular season,Sat,Dundee United,Ross County,L,1,2,,6187,,Steven McLean,W,2,1,,6187,,,,L,1.0,2.0,1,,,,,,1,1,W,2.0,1.0,2,,,,,,0,0,L,1.0,2.0,2.0,2.0,2.0,,,0.0,0.0,0.0,0.0,W,2.0,1.0,1.0,1.0,1.0,,,,1.0,1.0,0.0,0.0,2014/2015,14/15
2015-04-11,15:00,Premiership,Regular season,Sat,Dundee United,Hamilton,W,1,0,,5243,,Andrew Dallas,L,0,1,,5243,,,,W,1.0,0.0,1,,,,,,0,0,L,0.0,1.0,0,,,,,,0,0,W,1.0,0.0,0.0,0.0,0.0,,,0.0,0.0,0.0,0.0,L,0.0,1.0,1.0,1.0,1.0,,,,0.0,0.0,0.0,0.0,2014/2015,14/15
2015-04-26,12:30,Premiership,Championship round,Sun,Dundee United,Celtic,L,0,3,,8329,,William Collum,W,3,0,,8329,,,,L,0.0,3.0,0,,,,,,0,0,W,3.0,0.0,3,,,,,,1,1,L,0.0,3.0,3.0,3.0,3.0,,,1.0,1.0,0.0,0.0,W,3.0,0.0,0.0,0.0,0.0,,,,0.0,0.0,0.0,0.0,2014/2015,14/15
2015-05-02,15:00,Premiership,Championship round,Sat,Dundee United,Aberdeen,W,1,0,,8686,,John Beaton,L,0,1,,8686,,,,W,1.0,0.0,1,,,,,,0,0,L,0.0,1.0,0,,,,,,0,0,W,1.0,0.0,0.0,0.0,0.0,,,0.0,0.0,0.0,0.0,L,0.0,1.0,1.0,1.0,1.0,,,,0.0,0.0,0.0,0.0,2014/2015,14/15
2015-05-24,12:30,Premiership,Championship round,Sun,Dundee United,Dundee,W,3,0,,10812,,Bobby Madden,L,0,3,,10812,,,,W,3.0,0.0,3,,,,,,1,1,L,0.0,3.0,0,,,,,,0,0,W,3.0,0.0,0.0,0.0,0.0,,,0.0,0.0,0.0,0.0,L,0.0,3.0,3.0,3.0,3.0,,,,1.0,1.0,0.0,0.0,2014/2015,14/15
2014-08-09,15:00,Premiership,Regular season,Sat,Dundee,Kilmarnock,D,1,1,,7588,,Steven McLean,D,1,1,,7588,,,,D,1.0,1.0,1,,,,,,1,1,D,1.0,1.0,1,,,,,,0,0,D,1.0,1.0,1.0,1.0,1.0,,,0.0,0.0,0.0,0.0,D,1.0,1.0,1.0,1.0,1.0,,,,1.0,1.0,0.0,0.0,2014/2015,14/15
2014-08-16,15:00,Premiership,Regular season,Sat,Dundee,Partick Thistle,D,1,1,,6453,,Craig Charleston,D,1,1,,6453,,,,D,1.0,1.0,1,,,,,,0,1,D,1.0,1.0,1,,,,,,0,0,D,1.0,1.0,1.0,1.0,1.0,,,0.0,0.0,0.0,0.0,D,1.0,1.0,,1.0,,0.0,,,1.0,0.0,0.0,1.0,2014/2015,14/15
2014-08-31,12:30,Premiership,Regular season,Sun,Dundee,Celtic,D,1,1,,9276,,Craig Thomson,D,1,1,,9276,,,,D,1.0,1.0,1,,,,,,0,0,D,1.0,1.0,1,,,,,,0,0,D,1.0,1.0,1.0,1.0,1.0,,,0.0,0.0,0.0,0.0,D,1.0,1.0,1.0,1.0,1.0,,,,0.0,0.0,0.0,0.0,2014/2015,14/15
2014-09-21,12:15,Premiership,Regular season,Sun,Dundee,Dundee United,L,1,4,,11447,,Steven McLean,W,4,1,,11447,,,,L,1.0,4.0,1,,,,,,0,0,W,4.0,1.0,4,,,,,,0,0,L,1.0,4.0,4.0,4.0,4.0,,,0.0,0.0,0.0,0.0,W,4.0,1.0,1.0,1.0,1.0,,,,0.0,0.0,0.0,0.0,2014/2015,14/15
2014-10-04,15:00,Premiership,Regular season,Sat,Dundee,Aberdeen,L,2,3,,8784,,William Collum,W,3,2,,8784,,,,L,2.0,3.0,2,,,,,,1,1,W,3.0,2.0,2,,,,,,0,0,L,2.0,3.0,3.0,3.0,3.0,,,0.0,0.0,0.0,0.0,W,3.0,2.0,2.0,2.0,2.0,,,,1.0,1.0,0.0,0.0,2014/2015,14/15
2014-10-25,15:00,Premiership,Regular season,Sat,Dundee,Hamilton,W,2,0,,6035,,John Beaton,L,0,2,,6035,,,,W,2.0,0.0,2,,,,,,0,0,L,0.0,2.0,0,,,,,,0,0,W,2.0,0.0,0.0,0.0,0.0,,,0.0,0.0,0.0,0.0,L,0.0,2.0,2.0,2.0,2.0,,,,0.0,0.0,0.0,0.0,2014/2015,14/15
2014-11-08,15:00,Premiership,Regular season,Sat,Dundee,St Johnstone,D,1,1,,6931,,Bobby Madden,D,1,1,,6931,,,,D,1.0,1.0,1,,,,,,0,0,D,1,1,1,,,,,,1,1,D,1.0,1.0,1.0,1.0,1.0,,,1.0,1.0,0.0,0.0,D,1,1,1.0,1,1.0,,,,0.0,0.0,0.0,0.0,2014/2015,14/15
2014-12-06,15:00,Premiership,Regular season,Sat,Dundee,Inverness CT,L,1,2,,5400,,William Collum,W,2,1,,5400,,,,L,1.0,2.0,1,,,,,,0,0,W,2.0,1.0,2,,,,,,0,0,L,1.0,2.0,2.0,2.0,2.0,,,0.0,0.0,0.0,0.0,W,2.0,1.0,1.0,1.0,1.0,,,,0.0,0.0,0.0,0.0,2014/2015,14/15
2014-12-27,15:00,Premiership,Regular season,Sat,Dundee,St Mirren,L,1,3,,6447,,Don Robertson,W,3,1,,6447,,,,L,1.0,3.0,1,,,,,,0,0,W,3.0,1.0,3,,,,,,1,1,L,1.0,3.0,3.0,3.0,3.0,,,1.0,1.0,0.0,0.0,W,3.0,1.0,1.0,1.0,1.0,,,,0.0,0.0,0.0,0.0,2014/2015,14/15
2015-01-04,15:00,Premiership,Regular season,Sun,Dundee,Ross County,D,1,1,,5017,,Craig Thomson,D,1,1,,5017,,,,D,1.0,1.0,1,,,,,,0,0,D,1.0,1.0,1,,,,,,0,0,D,1.0,1.0,1.0,1.0,1.0,,,0.0,0.0,0.0,0.0,D,1.0,1.0,1.0,1.0,1.0,,,,0.0,0.0,0.0,0.0,2014/2015,14/15
2015-01-10,15:00,Premiership,Regular season,Sat,Dundee,Motherwell,W,4,1,,5105,,Stephen Finnie,L,1,4,,5105,,,,W,4.0,1.0,3,,,,,,0,0,L,1.0,4.0,1,,,,,,0,0,W,4.0,1.0,1.0,1.0,1.0,,,0.0,0.0,0.0,0.0,L,1.0,4.0,4.0,4.0,4.0,,,,0.0,0.0,0.0,0.0,2014/2015,14/15
2015-01-21,19:45,Premiership,Regular season,Wed,Dundee,Kilmarnock,W,1,0,,5141,,Andrew Dallas,L,0,1,,5141,,,,W,1.0,0.0,1,,,,,,1,1,L,0.0,1.0,0,,,,,,0,0,W,1.0,0.0,0.0,0.0,0.0,,,0.0,0.0,0.0,0.0,L,0.0,1.0,1.0,1.0,1.0,,,,1.0,1.0,0.0,0.0,2014/2015,14/15
2015-01-31,15:00,Premiership,Regular season,Sat,Dundee,Hamilton,D,1,1,,5618,,Crawford Allan,D,1,1,,5618,,,,D,1.0,1.0,1,,,,,,0,0,D,1.0,1.0,1,,,,,,0,0,D,1.0,1.0,1.0,1.0,1.0,,,0.0,0.0,0.0,0.0,D,1.0,1.0,1.0,1.0,1.0,,,,0.0,0.0,0.0,0.0,2014/2015,14/15
2015-02-14,15:00,Premiership,Regular season,Sat,Dundee,Partick Thistle,W,1,0,,5560,,Craig Thomson,L,0,1,,5560,,,,W,1.0,0.0,1,,,,,,0,0,L,0.0,1.0,0,,,,,,0,0,W,1.0,0.0,0.0,0.0,0.0,,,0.0,0.0,0.0,0.0,L,0.0,1.0,,1.0,,0.0,,,0.0,0.0,0.0,0.0,2014/2015,14/15
2015-03-21,12:15,Premiership,Regular season,Sat,Dundee,Aberdeen,D,1,1,,7014,,Craig Thomson,D,1,1,,7014,,,,D,1.0,1.0,1,,,,,,0,0,D,1.0,1.0,1,,,,,,0,0,D,1.0,1.0,1.0,1.0,1.0,,,0.0,0.0,0.0,0.0,D,1.0,1.0,1.0,1.0,1.0,,,,0.0,0.0,0.0,0.0,2014/2015,14/15
2015-04-08,19:45,Premiership,Regular season,Wed,Dundee,Dundee United,W,3,1,,10510,,John Beaton,L,1,3,,10510,,,,W,3.0,1.0,3,,,,,,0,0,L,1.0,3.0,1,,,,,,1,1,W,3.0,1.0,1.0,1.0,1.0,,,1.0,1.0,0.0,0.0,L,1.0,3.0,3.0,3.0,3.0,,,,0.0,0.0,0.0,0.0,2014/2015,14/15
2015-04-22,19:45,Premiership,Regular season,Wed,Dundee,Celtic,L,1,2,,8908,,Calm Murray,W,2,1,,8908,,,,L,1.0,2.0,1,,,,,,0,0,W,2.0,1.0,2,,,,,,0,0,L,1.0,2.0,2.0,2.0,2.0,,,0.0,0.0,0.0,0.0,W,2.0,1.0,1.0,1.0,1.0,,,,0.0,0.0,0.0,0.0,2014/2015,14/15
2015-04-25,15:00,Premiership,Championship round,Sat,Dundee,St Johnstone,L,0,2,,6530,,Craig Thomson,W,2,0,,6530,,,,L,0.0,2.0,0,,,,,,0,0,W,2,0,2,,,,,,0,0,L,0.0,2.0,2.0,2.0,2.0,,,0.0,0.0,0.0,0.0,W,2,0,0.0,0,0.0,,,,0.0,0.0,0.0,0.0,2014/2015,14/15
2015-05-09,15:00,Premiership,Championship round,Sat,Dundee,Inverness CT,L,0,1,,5123,,Don Robertson,W,1,0,,5123,,,,L,0.0,1.0,0,,,,,,0,0,W,1.0,0.0,1,,,,,,0,0,L,0.0,1.0,1.0,1.0,1.0,,,0.0,0.0,0.0,0.0,W,1.0,0.0,0.0,0.0,0.0,,,,0.0,0.0,0.0,0.0,2014/2015,14/15
2015-05-16,15:00,Premiership,Championship round,Sat,Dundee,Aberdeen,D,1,1,,6434,,Euan Anderson,D,1,1,,6434,,,,D,1.0,1.0,1,,,,,,0,0,D,1.0,1.0,1,,,,,,0,0,D,1.0,1.0,1.0,1.0,1.0,,,0.0,0.0,0.0,0.0,D,1.0,1.0,1.0,1.0,1.0,,,,0.0,0.0,0.0,0.0,2014/2015,14/15
2014-08-09,15:00,Premiership,Regular season,Sat,Hamilton,Inverness CT,L,0,2,,1622,,Don Robertson,W,2,0,,1622,,,,L,0.0,2.0,0,,,,,,0,0,W,2.0,0.0,2,,,,,,0,0,L,0.0,2.0,2.0,2.0,2.0,,,0.0,0.0,0.0,0.0,W,2.0,0.0,0.0,0.0,0.0,,,,0.0,0.0,0.0,0.0,2014/2015,14/15
2014-08-16,15:00,Premiership,Regular season,Sat,Hamilton,St Johnstone,W,1,0,,1577,,Bobby Madden,L,0,1,,1577,,,,W,1.0,0.0,1,,,,,,0,0,L,0,1,0,,,,,,0,0,W,1.0,0.0,0.0,0.0,0.0,,,0.0,0.0,0.0,0.0,L,0,1,1.0,1,1.0,,,,0.0,0.0,0.0,0.0,2014/2015,14/15
2014-08-30,15:00,Premiership,Regular season,Sat,Hamilton,Ross County,W,4,0,,2684,,William Collum,L,0,4,,2684,,,,W,4.0,0.0,4,,,,,,2,2,L,0.0,4.0,0,,,,,,0,1,W,4.0,0.0,0.0,0.0,0.0,,,1.0,0.0,0.0,1.0,L,0.0,4.0,4.0,4.0,4.0,,,,2.0,2.0,0.0,0.0,2014/2015,14/15
2014-09-20,15:00,Premiership,Regular season,Sat,Hamilton,Kilmarnock,D,0,0,,2604,,Kevin Clancy,D,0,0,,2604,,,,D,0.0,0.0,0,,,,,,0,0,D,0.0,0.0,0,,,,,,0,0,D,0.0,0.0,0.0,0.0,0.0,,,0.0,0.0,0.0,0.0,D,0.0,0.0,0.0,0.0,0.0,,,,0.0,0.0,0.0,0.0,2014/2015,14/15
2014-10-17,19:45,Premiership,Regular season,Fri,Hamilton,Aberdeen,W,3,0,,4093,,Kevin Clancy,L,0,3,,4093,,,,W,3.0,0.0,3,,,,,,0,0,L,0.0,3.0,0,,,,,,0,0,W,3.0,0.0,0.0,0.0,0.0,,,0.0,0.0,0.0,0.0,L,0.0,3.0,3.0,3.0,3.0,,,,0.0,0.0,0.0,0.0,2014/2015,14/15
2014-11-01,15:00,Premiership,Regular season,Sat,Hamilton,Partick Thistle,D,3,3,,2855,,Brian Colvin,D,3,3,,2855,,,,D,3.0,3.0,3,,,,,,0,0,D,3.0,3.0,3,,,,,,0,0,D,3.0,3.0,3.0,3.0,3.0,,,0.0,0.0,0.0,0.0,D,3.0,3.0,3.0,3.0,3.0,,,,0.0,0.0,0.0,0.0,2014/2015,14/15
2014-11-22,15:00,Premiership,Regular season,Sat,Hamilton,St Mirren,W,3,0,,2195,,Greg Aitken,L,0,3,,2195,,,,W,3.0,0.0,3,,,,,,0,0,L,0.0,3.0,0,,,,,,0,0,W,3.0,0.0,0.0,0.0,0.0,,,0.0,0.0,0.0,0.0,L,0.0,3.0,3.0,3.0,3.0,,,,0.0,0.0,0.0,0.0,2014/2015,14/15
2014-12-13,15:00,Premiership,Regular season,Sat,Hamilton,Dundee,W,2,1,,2636,,Alan Muir,L,1,2,,2636,,,,W,2.0,1.0,2,,,,,,0,0,L,1.0,2.0,1,,,,,,0,0,W,2.0,1.0,1.0,1.0,1.0,,,0.0,0.0,0.0,0.0,L,1.0,2.0,2.0,2.0,2.0,,,,0.0,0.0,0.0,0.0,2014/2015,14/15
2015-01-01,15:00,Premiership,Regular season,Thu,Hamilton,Motherwell,W,5,0,,3926,,Crawford Allan,L,0,5,,3926,,,,W,5.0,0.0,5,,,,,,0,0,L,0.0,5.0,0,,,,,,0,0,W,5.0,0.0,0.0,0.0,0.0,,,0.0,0.0,0.0,0.0,L,0.0,5.0,5.0,5.0,5.0,,,,0.0,0.0,0.0,0.0,2014/2015,14/15
2015-01-12,19:45,Premiership,Regular season,Mon,Hamilton,Dundee United,L,2,3,,2384,,Bobby Madden,W,3,2,,2384,,,,L,2.0,3.0,2,,,,,,0,0,W,3.0,2.0,3,,,,,,0,0,L,2.0,3.0,3.0,3.0,3.0,,,0.0,0.0,0.0,0.0,W,3.0,2.0,2.0,2.0,2.0,,,,0.0,0.0,0.0,0.0,2014/2015,14/15
2015-01-17,12:45,Premiership,Regular season,Sat,Hamilton,Celtic,L,0,2,,6007,,Steven McLean,W,2,0,,6007,,,,L,0.0,2.0,0,,,,,,0,0,W,2.0,0.0,2,,,,,,0,0,L,0.0,2.0,2.0,2.0,2.0,,,0.0,0.0,0.0,0.0,W,2.0,0.0,0.0,0.0,0.0,,,,0.0,0.0,0.0,0.0,2014/2015,14/15
2015-01-24,15:00,Premiership,Regular season,Sat,Hamilton,Inverness CT,L,0,2,,5089,,Brian Colvin,W,2,0,,5089,,,,L,0.0,2.0,0,,,,,,0,0,W,2.0,0.0,1,,,,,,0,0,L,0.0,2.0,2.0,2.0,2.0,,,0.0,0.0,0.0,0.0,W,2.0,0.0,0.0,0.0,0.0,0.0,,,0.0,0.0,0.0,0.0,2014/2015,14/15
2015-02-07,15:00,Premiership,Regular season,Sat,Hamilton,Kilmarnock,D,0,0,,2245,,Alan Muir,D,0,0,,2245,,,,D,0.0,0.0,0,,,,,,0,0,D,0.0,0.0,0,,,,,,0,0,D,0.0,0.0,0.0,0.0,0.0,,,0.0,0.0,0.0,0.0,D,0.0,0.0,0.0,0.0,0.0,,,,0.0,0.0,0.0,0.0,2014/2015,14/15
2015-02-15,15:30,Premiership,Regular season,Sun,Hamilton,Aberdeen,L,0,3,,3095,,William Collum,W,3,0,,3095,,,,L,0.0,3.0,0,,,,,,0,0,W,3.0,0.0,3,,,,,,0,0,L,0.0,3.0,3.0,3.0,3.0,,,0.0,0.0,0.0,0.0,W,3.0,0.0,0.0,0.0,0.0,,,,0.0,0.0,0.0,0.0,2014/2015,14/15
2015-03-14,15:00,Premiership,Regular season,Sat,Hamilton,Ross County,D,2,2,,1544,,Craig Thomson,D,2,2,,1544,,,,D,2.0,2.0,2,,,,,,0,0,D,2.0,2.0,2,,,,,,0,0,D,2.0,2.0,2.0,2.0,2.0,,,0.0,0.0,0.0,0.0,D,2.0,2.0,2.0,2.0,2.0,,,,0.0,0.0,0.0,0.0,2014/2015,14/15
2015-04-04,15:00,Premiership,Regular season,Sat,Hamilton,St Johnstone,D,1,1,,2032,,Greg Aitken,D,1,1,,2032,,,,D,1.0,1.0,1,,,,,,0,0,D,1,1,1,,,,,,0,0,D,1.0,1.0,1.0,1.0,1.0,,,0.0,0.0,0.0,0.0,D,1,1,1.0,1,1.0,,,,0.0,0.0,0.0,0.0,2014/2015,14/15
2015-04-24,19:45,Premiership,Relegation round,Fri,Hamilton,Motherwell,W,2,0,,3301,,John Beaton,L,0,2,,3301,,,,W,2.0,0.0,2,,,,,,0,0,L,0.0,2.0,0,,,,,,0,0,W,2.0,0.0,0.0,0.0,0.0,,,0.0,0.0,0.0,0.0,L,0.0,2.0,2.0,2.0,2.0,,,,0.0,0.0,0.0,0.0,2014/2015,14/15
2015-05-09,15:00,Premiership,Relegation round,Sat,Hamilton,Partick Thistle,D,1,1,,2342,,Stephen Finnie,D,1,1,,2342,,,,D,1.0,1.0,1,,,,,,0,0,D,1.0,1.0,1,,,,,,0,0,D,1.0,1.0,1.0,1.0,1.0,,,0.0,0.0,0.0,0.0,D,1.0,1.0,1.0,1.0,1.0,,,,0.0,0.0,0.0,0.0,2014/2015,14/15
2015-05-23,15:00,Premiership,Relegation round,Sat,Hamilton,St Mirren,W,1,0,,2425,,Craig Thomson,L,0,1,,2425,,,,W,1.0,0.0,1,,,,,,0,0,L,0.0,1.0,0,,,,,,0,0,W,1.0,0.0,0.0,0.0,0.0,,,0.0,0.0,0.0,0.0,L,0.0,1.0,1.0,1.0,1.0,,,,0.0,0.0,0.0,0.0,2014/2015,14/15
2014-08-13,19:45,Premiership,Regular season,Wed,Partick Thistle,Ross County,W,4,0,,3261,,Andrew Dallas,L,0,4,,3261,,,,W,4.0,0.0,3,,,,,,0,0,L,0.0,4.0,0,,,,,,0,0,W,4.0,0.0,0.0,0.0,0.0,,,0.0,0.0,0.0,0.0,L,0.0,4.0,4.0,4.0,4.0,,,,0.0,0.0,0.0,0.0,2014/2015,14/15
2014-08-23,15:00,Premiership,Regular season,Sat,Partick Thistle,Hamilton,L,1,2,,3578,,Kevin Clancy,W,2,1,,3578,,,,L,1.0,2.0,1,,,,,,0,0,W,2.0,1.0,2,,,,,,0,0,L,1.0,2.0,2.0,2.0,2.0,,,0.0,0.0,0.0,0.0,W,2.0,1.0,1.0,1.0,1.0,,,,0.0,0.0,0.0,0.0,2014/2015,14/15
2014-09-13,15:00,Premiership,Regular season,Sat,Partick Thistle,Inverness CT,W,3,1,,2917,,Stephen Finnie,L,1,3,,2917,,,,W,3.0,1.0,3,,,,,,0,0,L,1.0,3.0,1,,,,,,0,0,W,3.0,1.0,1.0,1.0,1.0,,,0.0,0.0,0.0,0.0,L,1.0,3.0,3.0,3.0,3.0,,,,0.0,0.0,0.0,0.0,2014/2015,14/15
2014-09-19,19:45,Premiership,Regular season,Fri,Partick Thistle,St Mirren,L,1,2,,3821,,William Collum,W,2,1,,3821,,,,L,1.0,2.0,1,,,,,,0,0,W,2.0,1.0,2,,,,,,1,1,L,1.0,2.0,2.0,2.0,2.0,,,1.0,1.0,0.0,0.0,W,2.0,1.0,1.0,1.0,1.0,,,,0.0,0.0,0.0,0.0,2014/2015,14/15
2014-10-04,15:00,Premiership,Regular season,Sat,Partick Thistle,Motherwell,W,3,1,,3405,,Bobby Madden,L,1,3,,3405,,,,W,3.0,1.0,3,,,,,,0,0,L,1.0,3.0,1,,,,,,0,0,W,3.0,1.0,1.0,1.0,1.0,,,0.0,0.0,0.0,0.0,L,1.0,3.0,3.0,3.0,3.0,,,,0.0,0.0,0.0,0.0,2014/2015,14/15
2014-10-25,15:00,Premiership,Regular season,Sat,Partick Thistle,St Johnstone,D,0,0,,3090,,Calm Murray,D,0,0,,3090,,,,D,0.0,0.0,0,,,,,,0,0,D,0,0,0,,,,,,0,0,D,0.0,0.0,0.0,0.0,0.0,,,0.0,0.0,0.0,0.0,D,0,0,0.0,0,0.0,,,,0.0,0.0,0.0,0.0,2014/2015,14/15
2014-11-23,12:45,Premiership,Regular season,Sun,Partick Thistle,Aberdeen,L,0,1,,4145,,William Collum,W,1,0,,4145,,,,L,0.0,1.0,0,,,,,,0,0,W,1.0,0.0,1,,,,,,1,1,L,0.0,1.0,1.0,1.0,1.0,,,1.0,1.0,0.0,0.0,W,1.0,0.0,0.0,0.0,0.0,,,,0.0,0.0,0.0,0.0,2014/2015,14/15
2014-12-06,15:00,Premiership,Regular season,Sat,Partick Thistle,Kilmarnock,D,1,1,,3054,,Simon MacLean,D,1,1,,3054,,,,D,1.0,1.0,1,,,,,,0,0,D,1.0,1.0,1,,,,,,0,0,D,1.0,1.0,1.0,1.0,1.0,,,0.0,0.0,0.0,0.0,D,1.0,1.0,1.0,1.0,1.0,,,,0.0,0.0,0.0,0.0,2014/2015,14/15
2014-12-20,15:00,Premiership,Regular season,Sat,Partick Thistle,Dundee,D,1,1,,3203,,John Beaton,D,1,1,,3203,,,,D,1.0,1.0,1,,,,,,0,0,D,1.0,1.0,0,,,,,,0,0,D,1.0,1.0,1.0,1.0,1.0,,,0.0,0.0,0.0,0.0,D,1.0,1.0,1.0,1.0,1.0,,,,0.0,0.0,0.0,0.0,2014/2015,14/15
2015-01-04,15:00,Premiership,Regular season,Sun,Partick Thistle,Dundee United,D,2,2,,3761,,John Beaton,D,2,2,,3761,,,,D,2.0,2.0,2,,,,,,0,0,D,2.0,2.0,2,,,,,,0,0,D,2.0,2.0,2.0,2.0,2.0,,,0.0,0.0,0.0,0.0,D,2.0,2.0,2.0,2.0,2.0,,,,0.0,0.0,0.0,0.0,2014/2015,14/15
2015-01-21,19:45,Premiership,Regular season,Wed,Partick Thistle,Hamilton,W,5,0,,2138,,Craig Thomson,L,0,5,,2138,,,,W,5.0,0.0,5,,,,,,0,0,L,0.0,5.0,0,,,,,,0,0,W,5.0,0.0,0.0,0.0,0.0,,,0.0,0.0,0.0,0.0,L,0.0,5.0,5.0,5.0,5.0,,,,0.0,0.0,0.0,0.0,2014/2015,14/15
2015-01-30,19:45,Premiership,Regular season,Fri,Partick Thistle,St Mirren,L,0,1,,3864,,Kevin Clancy,W,1,0,,3864,,,,L,0.0,1.0,0,,,,,,0,0,W,1.0,0.0,1,,,,,,0,0,L,0.0,1.0,1.0,1.0,1.0,,,0.0,0.0,0.0,0.0,W,1.0,0.0,0.0,0.0,0.0,,,,0.0,0.0,0.0,0.0,2014/2015,14/15
2015-02-11,19:45,Premiership,Regular season,Wed,Partick Thistle,Celtic,L,0,3,,5776,,Bobby Madden,W,3,0,,5776,,,,L,0.0,3.0,0,,,,,,0,0,W,3.0,0.0,3,,,,,,0,0,L,0.0,3.0,3.0,3.0,3.0,,,0.0,0.0,0.0,0.0,W,3.0,0.0,0.0,0.0,0.0,,,,0.0,0.0,0.0,0.0,2014/2015,14/15
2015-02-21,15:00,Premiership,Regular season,Sat,Partick Thistle,Ross County,L,1,3,,2951,,Stephen Finnie,W,3,1,,2951,,,,L,1.0,3.0,1,,,,,,0,0,W,3.0,1.0,3,,,,,,0,1,L,1.0,3.0,3.0,3.0,3.0,,,2.0,0.0,1.0,1.0,W,3.0,1.0,1.0,1.0,1.0,,,,0.0,0.0,0.0,0.0,2014/2015,14/15
2015-03-14,15:00,Premiership,Regular season,Sat,Partick Thistle,St Johnstone,W,3,0,,3196,,William Collum,L,0,3,,3196,,,,W,3.0,0.0,3,,,,,,0,0,L,0,3,0,,,,,,0,0,W,3.0,0.0,0.0,0.0,0.0,,,0.0,0.0,0.0,0.0,L,0,3,3.0,3,3.0,,,,0.0,0.0,0.0,0.0,2014/2015,14/15
2015-03-21,15:00,Premiership,Regular season,Sat,Partick Thistle,Inverness CT,W,1,0,,2603,,Steven McLean,L,0,1,,2603,,,,W,1.0,0.0,1,,,,,,0,0,L,0.0,1.0,0,,,,,,0,0,W,1.0,0.0,0.0,0.0,0.0,,,0.0,0.0,0.0,0.0,L,0.0,1.0,1.0,1.0,1.0,,,,0.0,0.0,0.0,0.0,2014/2015,14/15
2015-04-11,15:00,Premiership,Regular season,Sat,Partick Thistle,Motherwell,W,2,0,,5003,,Bobby Madden,L,0,2,,5003,,,,W,2.0,0.0,2,,,,,,0,0,L,0.0,2.0,0,,,,,,0,0,W,2.0,0.0,0.0,0.0,0.0,,,0.0,0.0,0.0,0.0,L,0.0,2.0,2.0,2.0,2.0,,,,0.0,0.0,0.0,0.0,2014/2015,14/15
2015-05-02,15:00,Premiership,Relegation round,Sat,Partick Thistle,St Mirren,W,3,0,,3865,,Craig Thomson,L,0,3,,3865,,,,W,3.0,0.0,3,,,,,,0,0,L,0.0,3.0,0,,,,,,0,0,W,3.0,0.0,0.0,0.0,0.0,,,0.0,0.0,0.0,0.0,L,0.0,3.0,3.0,3.0,3.0,,,,0.0,0.0,0.0,0.0,2014/2015,14/15
2015-05-16,15:00,Premiership,Relegation round,Sat,Partick Thistle,Kilmarnock,L,1,4,,4503,,John Beaton,W,4,1,,4503,,,,L,1.0,4.0,1,,,,,,0,0,W,4.0,1.0,4,,,,,,0,1,L,1.0,4.0,4.0,4.0,4.0,,,2.0,0.0,1.0,1.0,W,4.0,1.0,1.0,1.0,1.0,,,,0.0,0.0,0.0,0.0,2014/2015,14/15
2014-08-10,15:00,Premiership,Regular season,Sun,Ross County,St Johnstone,L,1,2,,3287,,Kevin Clancy,W,2,1,,3287,,,,L,1.0,2.0,1,,,,,,0,0,W,2,1,2,,,,,,0,0,L,1.0,2.0,2.0,2.0,2.0,,,0.0,0.0,0.0,0.0,W,2,1,1.0,1,1.0,,,,0.0,0.0,0.0,0.0,2014/2015,14/15
2014-08-16,15:00,Premiership,Regular season,Sat,Ross County,Kilmarnock,L,1,2,,2790,,Brian Colvin,W,2,1,,2790,,,,L,1.0,2.0,1,,,,,,0,0,W,2.0,1.0,2,,,,,,0,0,L,1.0,2.0,2.0,2.0,2.0,,,0.0,0.0,0.0,0.0,W,2.0,1.0,1.0,1.0,1.0,,,,0.0,0.0,0.0,0.0,2014/2015,14/15
2014-09-13,15:00,Premiership,Regular season,Sat,Ross County,Motherwell,L,1,2,,3012,,Steven McLean,W,2,1,,3012,,,,L,1.0,2.0,1,,,,,,0,0,W,2.0,1.0,2,,,,,,0,0,L,1.0,2.0,2.0,2.0,2.0,,,0.0,0.0,0.0,0.0,W,2.0,1.0,1.0,1.0,1.0,,,,0.0,0.0,0.0,0.0,2014/2015,14/15
2014-09-27,15:00,Premiership,Regular season,Sat,Ross County,Dundee,W,2,1,,3118,,Craig Charleston,L,1,2,,3118,,,,W,2.0,1.0,2,,,,,,0,0,L,1.0,2.0,0,,,,,,0,0,W,2.0,1.0,1.0,1.0,1.0,,,0.0,0.0,0.0,0.0,L,1.0,2.0,2.0,2.0,2.0,,,,0.0,0.0,0.0,0.0,2014/2015,14/15
2014-10-18,12:45,Premiership,Regular season,Sat,Ross County,Celtic,L,0,5,,5693,,Bobby Madden,W,5,0,,5693,,,,L,0.0,5.0,0,,,,,,0,0,W,5.0,0.0,5,,,,,,0,0,L,0.0,5.0,5.0,5.0,5.0,,,0.0,0.0,0.0,0.0,W,5.0,0.0,0.0,0.0,0.0,,,,0.0,0.0,0.0,0.0,2014/2015,14/15
2014-11-03,19:45,Premiership,Regular season,Mon,Ross County,Aberdeen,L,0,1,,3745,,William Collum,W,1,0,,3745,,,,L,0.0,1.0,0,,,,,,0,0,W,1.0,0.0,0,,,,,,0,0,L,0.0,1.0,1.0,1.0,1.0,,,0.0,0.0,0.0,0.0,W,1.0,0.0,0.0,0.0,0.0,,,,0.0,0.0,0.0,0.0,2014/2015,14/15
2014-12-05,19:45,Premiership,Regular season,Fri,Ross County,Dundee United,L,2,3,,2922,,Bobby Madden,W,3,2,,2922,,,,L,2.0,3.0,2,,,,,,0,0,W,3.0,2.0,3,,,,,,0,0,L,2.0,3.0,3.0,3.0,3.0,,,0.0,0.0,0.0,0.0,W,3.0,2.0,2.0,2.0,2.0,,,,0.0,0.0,0.0,0.0,2014/2015,14/15
2014-12-20,15:00,Premiership,Regular season,Sat,Ross County,Hamilton,L,0,1,,2966,,Craig Thomson,W,1,0,,2966,,,,L,0.0,1.0,0,,,,,,0,0,W,1.0,0.0,1,,,,,,0,0,L,0.0,1.0,1.0,1.0,1.0,,,0.0,0.0,0.0,0.0,W,1.0,0.0,0.0,0.0,0.0,,,,0.0,0.0,0.0,0.0,2014/2015,14/15
2015-01-01,15:00,Premiership,Regular season,Thu,Ross County,Inverness CT,L,1,3,,4887,,Steven McLean,W,3,1,,4887,,,,L,1.0,3.0,1,,,,,,0,0,W,3.0,1.0,3,,,,,,0,0,L,1.0,3.0,3.0,3.0,3.0,,,0.0,0.0,0.0,0.0,W,3.0,1.0,1.0,1.0,1.0,,,,0.0,0.0,0.0,0.0,2014/2015,14/15
2015-01-17,15:00,Premiership,Regular season,Sat,Ross County,St Mirren,L,1,2,,3005,,Brian Colvin,W,2,1,,3005,,,,L,1.0,2.0,1,,,,,,0,0,W,2.0,1.0,2,,,,,,0,0,L,1.0,2.0,2.0,2.0,2.0,,,0.0,0.0,0.0,0.0,W,2.0,1.0,1.0,1.0,1.0,,,,0.0,0.0,0.0,0.0,2014/2015,14/15
2015-01-24,12:45,Premiership,Regular season,Sat,Ross County,Celtic,L,0,1,,5289,,Kevin Clancy,W,1,0,,5289,,,,L,0.0,1.0,0,,,,,,0,0,W,1.0,0.0,1,,,,,,0,0,L,0.0,1.0,1.0,1.0,1.0,,,0.0,0.0,0.0,0.0,W,1.0,0.0,0.0,0.0,0.0,,,,0.0,0.0,0.0,0.0,2014/2015,14/15
2015-02-14,15:00,Premiership,Regular season,Sat,Ross County,Motherwell,W,3,2,,2982,,Calm Murray,L,2,3,,2982,,,,W,3.0,2.0,3,,,,,,0,0,L,2.0,3.0,2,,,,,,0,0,W,3.0,2.0,2.0,2.0,2.0,,,0.0,0.0,0.0,0.0,L,2.0,3.0,3.0,3.0,3.0,,,,0.0,0.0,0.0,0.0,2014/2015,14/15
2015-02-28,15:00,Premiership,Regular season,Sat,Ross County,Dundee,W,1,0,,3413,,Andrew Dallas,L,0,1,,3413,,,,W,1.0,0.0,1,,,,,,0,0,L,0.0,1.0,0,,,,,,0,0,W,1.0,0.0,0.0,0.0,0.0,,,0.0,0.0,0.0,0.0,L,0.0,1.0,1.0,1.0,1.0,,,,0.0,0.0,0.0,0.0,2014/2015,14/15
2015-03-07,15:00,Premiership,Regular season,Sat,Ross County,Partick Thistle,W,1,0,,3358,,Alan Muir,L,0,1,,3358,,,,W,1.0,0.0,1,,,,,,0,0,L,0.0,1.0,0,,,,,,0,0,W,1.0,0.0,0.0,0.0,0.0,,,0.0,0.0,0.0,0.0,L,0.0,1.0,1.0,1.0,1.0,,,,0.0,0.0,0.0,0.0,2014/2015,14/15
2015-03-21,15:00,Premiership,Regular season,Sat,Ross County,Kilmarnock,W,2,1,,3389,,Bobby Madden,L,1,2,,3389,,,,W,2.0,1.0,2,,,,,,0,0,L,1.0,2.0,1,,,,,,0,0,W,2.0,1.0,1.0,1.0,1.0,,,0.0,0.0,0.0,0.0,L,1.0,2.0,2.0,2.0,2.0,,,,0.0,0.0,0.0,0.0,2014/2015,14/15
2015-04-07,19:45,Premiership,Regular season,Tue,Ross County,St Johnstone,W,1,0,,3319,,Kevin Clancy,L,0,1,,3319,,,,W,1.0,0.0,1,,,,,,0,0,L,0,1,0,,,,,,0,0,W,1.0,0.0,0.0,0.0,0.0,,,0.0,0.0,0.0,0.0,L,0,1,1.0,1,1.0,,,,0.0,0.0,0.0,0.0,2014/2015,14/15
2015-04-25,15:00,Premiership,Relegation round,Sat,Ross County,Partick Thistle,L,1,2,,3315,,Don Robertson,W,2,1,,3315,,,,L,1.0,2.0,1,,,,,,0,0,W,2.0,1.0,2,,,,,,0,0,L,1.0,2.0,2.0,2.0,2.0,,,0.0,0.0,0.0,0.0,W,2.0,1.0,1.0,1.0,1.0,,,,0.0,0.0,0.0,0.0,2014/2015,14/15
2015-05-09,15:00,Premiership,Relegation round,Sat,Ross County,St Mirren,L,1,2,,3098,,Steven McLean,W,2,1,,3098,,,,L,1.0,2.0,1,,,,,,1,1,W,2.0,1.0,2,,,,,,1,1,L,1.0,2.0,,2.0,,,,1.0,1.0,0.0,0.0,W,2.0,1.0,1.0,1.0,1.0,,,,1.0,1.0,0.0,0.0,2014/2015,14/15
2015-05-16,15:00,Premiership,Relegation round,Sat,Ross County,Hamilton,W,2,1,,3381,,Bobby Madden,L,1,2,,3381,,,,W,2.0,1.0,2,,,,,,0,0,L,1.0,2.0,1,,,,,,0,0,W,2.0,1.0,1.0,1.0,1.0,,,0.0,0.0,0.0,0.0,L,1.0,2.0,2.0,2.0,2.0,,,,0.0,0.0,0.0,0.0,2014/2015,14/15
2014-08-13,19:45,Premiership,Regular season,Wed,Kilmarnock,Aberdeen,L,0,2,,5079,,Crawford Allan,W,2,0,,5079,,,,L,0.0,2.0,0,,,,,,0,0,W,2.0,0.0,2,,,,,,0,0,L,0.0,2.0,2.0,2.0,2.0,,,0.0,0.0,0.0,0.0,W,2.0,0.0,0.0,0.0,0.0,,,,0.0,0.0,0.0,0.0,2014/2015,14/15
2014-08-23,15:00,Premiership,Regular season,Sat,Kilmarnock,Motherwell,W,2,0,,4146,,William Collum,L,0,2,,4146,,,,W,2.0,0.0,2,,,,,,0,0,L,0.0,2.0,0,,,,,,0,0,W,2.0,0.0,0.0,0.0,0.0,,,0.0,0.0,0.0,0.0,L,0.0,2.0,2.0,2.0,2.0,,,,0.0,0.0,0.0,0.0,2014/2015,14/15
2014-09-13,15:00,Premiership,Regular season,Sat,Kilmarnock,St Mirren,W,2,1,,4417,,Alan Muir,L,1,2,,4417,,,,W,2.0,1.0,2,,,,,,0,0,L,1.0,2.0,1,,,,,,0,0,W,2.0,1.0,1.0,1.0,1.0,,,0.0,0.0,0.0,0.0,L,1.0,2.0,2.0,2.0,2.0,,,,0.0,0.0,0.0,0.0,2014/2015,14/15
2014-09-27,15:00,Premiership,Regular season,Sat,Kilmarnock,Partick Thistle,W,3,0,,3980,,Andrew Dallas,L,0,3,,3980,,,,W,3.0,0.0,3,,,,,,0,0,L,0.0,3.0,0,,,,,,0,0,W,3.0,0.0,0.0,0.0,0.0,,,0.0,0.0,0.0,0.0,L,0.0,3.0,3.0,3.0,3.0,,,,0.0,0.0,0.0,0.0,2014/2015,14/15
2014-10-03,19:45,Premiership,Regular season,Fri,Kilmarnock,Dundee United,W,2,0,,3953,,Kevin Clancy,L,0,2,,3953,,,,W,2.0,0.0,2,,,,,,0,0,L,0.0,2.0,0,,,,,,0,0,W,2.0,0.0,,0.0,,,,,,,,L,0.0,2.0,2.0,2.0,2.0,,,,0.0,0.0,0.0,0.0,2014/2015,14/15
2014-11-01,15:00,Premiership,Regular season,Sat,Kilmarnock,Dundee,L,1,3,,4481,,Greg Aitken,W,3,1,,4481,,,,L,1.0,3.0,1,,,,,,0,0,W,3.0,1.0,3,,,,,,0,0,L,1.0,3.0,3.0,3.0,3.0,,,0.0,0.0,0.0,0.0,W,3.0,1.0,1.0,1.0,1.0,,,,0.0,0.0,0.0,0.0,2014/2015,14/15
2014-11-08,15:00,Premiership,Regular season,Sat,Kilmarnock,Ross County,L,0,3,,3684,,Stephen Finnie,W,3,0,,3684,,,,L,0.0,3.0,0,,,,,,0,0,W,3.0,0.0,3,,,,,,0,0,L,0.0,3.0,3.0,3.0,3.0,,,0.0,0.0,0.0,0.0,W,3.0,0.0,0.0,0.0,0.0,,,,0.0,0.0,0.0,0.0,2014/2015,14/15
2014-12-13,15:00,Premiership,Regular season,Sat,Kilmarnock,St Johnstone,L,0,1,,3220,,Don Robertson,W,1,0,,3220,,,,L,0.0,1.0,0,,,,,,0,0,W,1,0,1,,,,,,1,1,L,0.0,1.0,1.0,1.0,1.0,,,1.0,1.0,0.0,0.0,W,1,0,0.0,0,0.0,,,,0.0,0.0,0.0,0.0,2014/2015,14/15
2014-12-27,15:00,Premiership,Regular season,Sat,Kilmarnock,Hamilton,W,1,0,,3921,,Brian Colvin,L,0,1,,3921,,,,W,1.0,0.0,1,,,,,,0,0,L,0.0,1.0,0,,,,,,0,0,W,1.0,0.0,0.0,0.0,0.0,,,0.0,0.0,0.0,0.0,L,0.0,1.0,1.0,1.0,1.0,,,,0.0,0.0,0.0,0.0,2014/2015,14/15
2015-01-05,20:00,Premiership,Regular season,Mon,Kilmarnock,Celtic,L,0,2,,5329,,Kevin Clancy,W,2,0,,5329,,,,L,0.0,2.0,0,,,,,,0,0,W,2.0,0.0,2,,,,,,0,0,L,0.0,2.0,2.0,2.0,2.0,,,0.0,0.0,0.0,0.0,W,2.0,0.0,0.0,0.0,0.0,,,,0.0,0.0,0.0,0.0,2014/2015,14/15
2015-01-10,15:00,Premiership,Regular season,Sat,Kilmarnock,Inverness CT,L,1,2,,2793,,Don Robertson,W,2,1,,2793,,,,L,1.0,2.0,1,,,,,,1,1,W,2.0,1.0,2,,,,,,0,0,L,1.0,2.0,2.0,2.0,2.0,,,0.0,0.0,0.0,0.0,W,2.0,1.0,1.0,1.0,1.0,,,,1.0,1.0,0.0,0.0,2014/2015,14/15
2015-01-24,15:00,Premiership,Regular season,Sat,Kilmarnock,Partick Thistle,D,2,2,,4130,,William Collum,D,2,2,,4130,,,,D,2.0,2.0,2,,,,,,0,0,D,2.0,2.0,2,,,,,,0,0,D,2.0,2.0,2.0,2.0,2.0,,,0.0,0.0,0.0,0.0,D,2.0,2.0,2.0,2.0,2.0,,,,0.0,0.0,0.0,0.0,2014/2015,14/15
2015-02-14,15:00,Premiership,Regular season,Sat,Kilmarnock,Dundee United,W,3,2,,3788,,Stephen Finnie,L,2,3,,3788,,,,W,3.0,2.0,3,,,,,,0,0,L,2.0,3.0,2,,,,,,1,1,W,3.0,2.0,2.0,2.0,2.0,,,1.0,1.0,0.0,0.0,L,2.0,3.0,3.0,3.0,3.0,,,,0.0,0.0,0.0,0.0,2014/2015,14/15
2015-03-14,15:00,Premiership,Regular season,Sat,Kilmarnock,St Mirren,W,1,0,,4721,,Steven McLean,L,0,1,,4721,,,,W,1.0,0.0,1,,,,,,0,0,L,0.0,1.0,0,,,,,,0,0,W,1.0,0.0,0.0,0.0,0.0,,,0.0,0.0,0.0,0.0,L,0.0,1.0,1.0,1.0,1.0,,,,0.0,0.0,0.0,0.0,2014/2015,14/15
2015-04-04,15:00,Premiership,Regular season,Sat,Kilmarnock,Motherwell,L,1,2,,4532,,Euan Anderson,W,2,1,,4532,,,,L,1.0,2.0,0,,,,,,0,0,W,2.0,1.0,2,,,,,,0,0,L,1.0,2.0,2.0,2.0,2.0,,,0.0,0.0,0.0,0.0,W,2.0,1.0,1.0,1.0,1.0,,,,0.0,0.0,0.0,0.0,2014/2015,14/15
2015-04-12,12:15,Premiership,Regular season,Sun,Kilmarnock,Aberdeen,L,1,2,,3525,,John Beaton,W,2,1,,3525,,,,L,1.0,2.0,1,,,,,,0,1,W,2.0,1.0,2,,,,,,0,0,L,1.0,2.0,2.0,2.0,2.0,,,0.0,0.0,0.0,0.0,W,2.0,1.0,1.0,1.0,1.0,,,,2.0,0.0,1.0,1.0,2014/2015,14/15
2015-05-02,15:00,Premiership,Relegation round,Sat,Kilmarnock,Hamilton,L,2,3,,3450,,Steven McLean,W,3,2,,3450,,,,L,2.0,3.0,2,,,,,,0,0,W,3.0,2.0,3,,,,,,0,0,L,2.0,3.0,3.0,3.0,3.0,,,0.0,0.0,0.0,0.0,W,3.0,2.0,2.0,2.0,2.0,,,,0.0,0.0,0.0,0.0,2014/2015,14/15
2015-05-23,15:00,Premiership,Relegation round,Sat,Kilmarnock,Ross County,L,1,2,,4226,,Euan Anderson,W,2,1,,4226,,,,L,1.0,2.0,1,,,,,,0,0,W,2.0,1.0,2,,,,,,0,0,L,1.0,2.0,2.0,2.0,2.0,,,0.0,0.0,0.0,0.0,W,2.0,1.0,1.0,1.0,1.0,,,,0.0,0.0,0.0,0.0,2014/2015,14/15
2014-08-09,15:00,Premiership,Regular season,Sat,Motherwell,St Mirren,W,1,0,,4620,,Calm Murray,L,0,1,,4620,,,,W,1.0,0.0,1,,,,,,0,0,L,0.0,1.0,0,,,,,,0,0,W,1.0,0.0,0.0,0.0,0.0,,,0.0,0.0,0.0,0.0,L,0.0,1.0,1.0,1.0,1.0,,,,0.0,0.0,0.0,0.0,2014/2015,14/15
2014-08-16,15:00,Premiership,Regular season,Sat,Motherwell,Inverness CT,L,0,2,,3732,,Steven McLean,W,2,0,,3732,,,,L,0.0,2.0,0,,,,,,0,0,W,2.0,0.0,2,,,,,,0,0,L,0.0,2.0,2.0,2.0,2.0,,,0.0,0.0,0.0,0.0,W,2.0,0.0,0.0,0.0,0.0,,,,0.0,0.0,0.0,0.0,2014/2015,14/15
2014-08-30,15:00,Premiership,Regular season,Sat,Motherwell,St Johnstone,L,0,1,,3700,,Alan Muir,W,1,0,,3700,,,,L,0.0,1.0,0,,,,,,0,0,W,1,0,1,,,,,,0,0,L,0.0,1.0,1.0,1.0,1.0,,,0.0,0.0,0.0,0.0,W,1,0,0.0,0,0.0,,,,0.0,0.0,0.0,0.0,2014/2015,14/15
2014-09-27,15:00,Premiership,Regular season,Sat,Motherwell,Hamilton,L,0,4,,4125,,William Collum,W,4,0,,4125,,,,L,0.0,4.0,0,,,,,,0,0,W,4.0,0.0,4,,,,,,1,1,L,0.0,4.0,4.0,4.0,4.0,,,1.0,1.0,0.0,0.0,W,4.0,0.0,0.0,0.0,0.0,,,,0.0,0.0,0.0,0.0,2014/2015,14/15
2014-10-18,15:00,Premiership,Regular season,Sat,Motherwell,Dundee,L,1,3,,4061,,Brian Colvin,W,3,1,,4061,,,,L,1.0,3.0,1,,,,,,0,0,W,3.0,1.0,3,,,,,,0,0,L,1.0,3.0,3.0,3.0,3.0,,,0.0,0.0,0.0,0.0,W,3.0,1.0,1.0,1.0,1.0,,,,0.0,0.0,0.0,0.0,2014/2015,14/15
2014-11-07,19:45,Premiership,Regular season,Fri,Motherwell,Dundee United,W,1,0,,3961,,Simon MacLean,L,0,1,,3961,,,,W,1.0,0.0,1,,,,,,0,0,L,0.0,1.0,0,,,,,,0,0,W,1.0,0.0,0.0,0.0,0.0,,,0.0,0.0,0.0,0.0,L,0.0,1.0,1.0,1.0,1.0,,,,0.0,0.0,0.0,0.0,2014/2015,14/15
2014-12-06,12:45,Premiership,Regular season,Sat,Motherwell,Celtic,L,0,1,,7740,,Calm Murray,W,1,0,,7740,,,,L,0.0,1.0,0,,,,,,0,0,W,1.0,0.0,1,,,,,,0,0,L,0.0,1.0,1.0,1.0,1.0,,,0.0,0.0,0.0,0.0,W,1.0,0.0,0.0,0.0,0.0,,,,0.0,0.0,0.0,0.0,2014/2015,14/15
2014-12-13,15:00,Premiership,Regular season,Sat,Motherwell,Ross County,D,2,2,,3193,,William Collum,D,2,2,,3193,,,,D,2.0,2.0,2,,,,,,0,0,D,2.0,2.0,2,,,,,,0,0,D,2.0,2.0,2.0,2.0,2.0,,,0.0,0.0,0.0,0.0,D,2.0,2.0,2.0,2.0,2.0,,,,0.0,0.0,0.0,0.0,2014/2015,14/15
2014-12-27,15:00,Premiership,Regular season,Sat,Motherwell,Partick Thistle,W,1,0,,5236,,Craig Thomson,L,0,1,,5236,,,,W,1.0,0.0,1,,,,,,1,1,L,0.0,1.0,0,,,,,,0,0,W,1.0,0.0,0.0,0.0,0.0,,,0.0,0.0,0.0,0.0,L,0.0,1.0,1.0,1.0,1.0,,,,1.0,1.0,0.0,0.0,2014/2015,14/15
2015-01-04,15:30,Premiership,Regular season,Sun,Motherwell,Aberdeen,L,0,2,,4805,,William Collum,W,2,0,,4805,,,,L,0.0,2.0,0,,,,,,0,0,W,2.0,0.0,2,,,,,,1,1,L,0.0,2.0,2.0,2.0,2.0,,,1.0,1.0,0.0,0.0,W,2.0,0.0,0.0,0.0,0.0,,,,0.0,0.0,0.0,0.0,2014/2015,14/15
2015-01-31,15:00,Premiership,Regular season,Sat,Motherwell,St Johnstone,D,1,1,,3449,,William Collum,D,1,1,,3449,,,,D,1.0,1.0,1,,,,,,0,0,D,1,1,1,,,,,,0,0,D,1.0,1.0,1.0,1.0,1.0,,,0.0,0.0,0.0,0.0,D,1,1,1.0,1,1.0,,,,0.0,0.0,0.0,0.0,2014/2015,14/15
2015-02-21,15:00,Premiership,Regular season,Sat,Motherwell,Dundee,L,0,1,,4282,,Don Robertson,W,1,0,,4282,,,,L,0.0,1.0,0,,,,,,0,0,W,1.0,0.0,1,,,,,,0,0,L,0.0,1.0,1.0,1.0,1.0,,,0.0,0.0,0.0,0.0,W,1.0,0.0,0.0,0.0,0.0,,,,0.0,0.0,0.0,0.0,2014/2015,14/15
2015-02-28,15:00,Premiership,Regular season,Sat,Motherwell,Inverness CT,W,2,1,,3508,,Alan Muir,L,1,2,,3508,,,,W,2.0,1.0,2,,,,,,0,0,L,1.0,2.0,1,,,,,,0,0,W,2.0,1.0,1.0,1.0,1.0,,,0.0,0.0,0.0,0.0,L,1.0,2.0,2.0,2.0,2.0,,,,0.0,0.0,0.0,0.0,2014/2015,14/15
2015-03-07,15:00,Premiership,Regular season,Sat,Motherwell,Kilmarnock,D,1,1,,4192,,John Beaton,D,1,1,,4192,,,,D,1.0,1.0,1,,,,,,0,0,D,1.0,1.0,1,,,,,,0,0,D,1.0,1.0,1.0,1.0,1.0,,,0.0,0.0,0.0,0.0,D,1.0,1.0,1.0,1.0,1.0,,,,0.0,0.0,0.0,0.0,2014/2015,14/15
2015-03-20,19:45,Premiership,Regular season,Fri,Motherwell,Hamilton,W,4,0,,4250,,Calm Murray,L,0,4,,4250,,,,W,4.0,0.0,4,,,,,,1,1,L,0.0,4.0,0,,,,,,0,0,W,4.0,0.0,0.0,0.0,0.0,,,0.0,0.0,0.0,0.0,L,0.0,4.0,4.0,4.0,4.0,,,,1.0,1.0,0.0,0.0,2014/2015,14/15
2015-04-07,19:45,Premiership,Regular season,Tue,Motherwell,St Mirren,W,5,0,,4596,,Craig Thomson,L,0,5,,4596,,,,W,5.0,0.0,5,,,,,,0,0,L,0.0,5.0,0,,,,,,0,0,W,5.0,0.0,0.0,0.0,0.0,,,0.0,0.0,0.0,0.0,L,0.0,5.0,5.0,5.0,5.0,,,,0.0,0.0,0.0,0.0,2014/2015,14/15
2015-05-02,15:00,Premiership,Relegation round,Sat,Motherwell,Ross County,D,1,1,,4281,,Crawford Allan,D,1,1,,4281,,,,D,1.0,1.0,1,,,,,,0,0,D,1.0,1.0,1,,,,,,0,0,D,1.0,1.0,1.0,1.0,1.0,,,0.0,0.0,0.0,0.0,D,1.0,1.0,1.0,1.0,1.0,,,,0.0,0.0,0.0,0.0,2014/2015,14/15
2015-05-08,19:45,Premiership,Relegation round,Fri,Motherwell,Kilmarnock,W,3,1,,3986,,William Collum,L,1,3,,3986,,,,W,3.0,1.0,3,,,,,,0,0,L,1.0,3.0,1,,,,,,0,0,W,3.0,1.0,1.0,1.0,1.0,,,0.0,0.0,0.0,0.0,L,1.0,3.0,3.0,3.0,3.0,,,,0.0,0.0,0.0,0.0,2014/2015,14/15
2015-05-23,15:00,Premiership,Relegation round,Sat,Motherwell,Partick Thistle,D,0,0,,3711,,Steven McLean,D,0,0,,3711,,,,D,0.0,0.0,0,,,,,,0,0,D,0.0,0.0,0,,,,,,0,0,D,0.0,0.0,0.0,0.0,0.0,,,0.0,0.0,0.0,0.0,D,0.0,0.0,0.0,0.0,0.0,,,,0.0,0.0,0.0,0.0,2014/2015,14/15
2014-08-13,19:45,Premiership,Regular season,Wed,St Mirren,Hamilton,L,0,2,,3635,,Alan Muir,W,2,0,,3635,,,,L,0.0,2.0,0,,,,,,0,0,W,2.0,0.0,2,,,,,,0,0,L,0.0,2.0,2.0,2.0,2.0,,,0.0,0.0,0.0,0.0,W,2.0,0.0,0.0,0.0,0.0,,,,0.0,0.0,0.0,0.0,2014/2015,14/15
2014-08-23,15:00,Premiership,Regular season,Sat,St Mirren,Dundee,L,0,1,,4517,,John Beaton,W,1,0,,4517,,,,L,0.0,1.0,0,,,,,,0,0,W,1.0,0.0,1,,,,,,0,0,L,0.0,1.0,1.0,1.0,1.0,,,0.0,0.0,0.0,0.0,W,1.0,0.0,0.0,0.0,0.0,,,,0.0,0.0,0.0,0.0,2014/2015,14/15
2014-08-30,15:00,Premiership,Regular season,Sat,St Mirren,Dundee United,L,0,3,,4245,,Bobby Madden,W,3,0,,4245,,,,L,0.0,3.0,0,,,,,,0,0,W,3.0,0.0,3,,,,,,0,0,L,0.0,3.0,3.0,3.0,3.0,,,0.0,0.0,0.0,0.0,W,3.0,0.0,0.0,0.0,0.0,,,,0.0,0.0,0.0,0.0,2014/2015,14/15
2014-09-27,12:45,Premiership,Regular season,Sat,St Mirren,Celtic,L,1,2,,5280,,Craig Thomson,W,2,1,,5280,,,,L,1.0,2.0,1,,,,,,0,0,W,2.0,1.0,2,,,,,,0,0,L,1.0,2.0,2.0,2.0,2.0,,,0.0,0.0,0.0,0.0,W,2.0,1.0,1.0,1.0,1.0,,,,0.0,0.0,0.0,0.0,2014/2015,14/15
2014-10-18,15:00,Premiership,Regular season,Sat,St Mirren,Inverness CT,L,0,1,,3109,,William Collum,W,1,0,,3109,,,,L,0.0,1.0,0,,,,,,0,0,W,1.0,0.0,1,,,,,,1,1,L,0.0,1.0,1.0,1.0,1.0,,,1.0,1.0,0.0,0.0,W,1.0,0.0,0.0,0.0,0.0,,,,0.0,0.0,0.0,0.0,2014/2015,14/15
2014-10-25,15:00,Premiership,Regular season,Sat,St Mirren,Ross County,D,2,2,,3459,,Don Robertson,D,2,2,,3459,,,,D,2.0,2.0,2,,,,,,0,0,D,2.0,2.0,2,,,,,,0,0,D,2.0,2.0,2.0,2.0,2.0,,,0.0,0.0,0.0,0.0,D,2.0,2.0,2.0,2.0,2.0,,,,0.0,0.0,0.0,0.0,2014/2015,14/15
2014-11-08,15:00,Premiership,Regular season,Sat,St Mirren,Partick Thistle,L,0,1,,4636,,John Beaton,W,1,0,,4636,,,,L,0.0,1.0,0,,,,,,0,0,W,1.0,0.0,1,,,,,,0,0,L,0.0,1.0,1.0,1.0,1.0,,,0.0,0.0,0.0,0.0,W,1.0,0.0,0.0,0.0,0.0,,,,0.0,0.0,0.0,0.0,2014/2015,14/15
2014-12-06,15:00,Premiership,Regular season,Sat,St Mirren,St Johnstone,L,0,1,,2720,,Kevin Clancy,W,1,0,,2720,,,,L,0.0,1.0,0,,,,,,0,0,W,1,0,1,,,,,,0,0,L,0.0,1.0,1.0,1.0,1.0,,,0.0,0.0,0.0,0.0,W,1,0,0.0,0,0.0,,,,0.0,0.0,0.0,0.0,2014/2015,14/15
2014-12-20,15:00,Premiership,Regular season,Sat,St Mirren,Motherwell,L,0,1,,3909,,Alan Muir,W,1,0,,3909,,,,L,0.0,1.0,0,,,,,,0,0,W,1.0,0.0,1,,,,,,0,0,L,0.0,1.0,1.0,1.0,1.0,,,0.0,0.0,0.0,0.0,W,1.0,0.0,0.0,0.0,0.0,,,,0.0,0.0,0.0,0.0,2014/2015,14/15
2015-01-01,15:00,Premiership,Regular season,Thu,St Mirren,Kilmarnock,L,1,2,,3912,,William Collum,W,2,1,,3912,,,,L,1.0,2.0,1,,,,,,1,1,W,2.0,1.0,2,,,,,,2,2,L,1.0,2.0,2.0,2.0,2.0,,,2.0,2.0,0.0,0.0,W,2.0,1.0,1.0,1.0,1.0,,,,1.0,1.0,0.0,0.0,2014/2015,14/15
2015-01-10,15:00,Premiership,Regular season,Sat,St Mirren,Aberdeen,L,0,2,,4977,,Alan Muir,W,2,0,,4977,,,,L,0.0,2.0,0,,,,,,0,0,W,2.0,0.0,2,,,,,,0,0,L,0.0,2.0,2.0,2.0,2.0,,,0.0,0.0,0.0,0.0,W,2.0,0.0,0.0,0.0,0.0,,,,0.0,0.0,0.0,0.0,2014/2015,14/15
2015-01-21,19:45,Premiership,Regular season,Wed,St Mirren,Dundee United,D,1,1,,2511,,John Beaton,D,1,1,,2511,,,,D,1.0,1.0,1,,,,,,0,0,D,1.0,1.0,1,,,,,,0,0,D,1.0,1.0,1.0,1.0,1.0,,,0.0,0.0,0.0,0.0,D,1.0,1.0,1.0,1.0,1.0,,,,0.0,0.0,0.0,0.0,2014/2015,14/15
2015-01-24,15:00,Premiership,Regular season,Sat,St Mirren,Dundee,L,1,2,,4010,,Steven McLean,W,2,1,,4010,,,,L,1.0,2.0,1,,,,,,0,0,W,2.0,1.0,2,,,,,,0,0,L,1.0,2.0,2.0,2.0,2.0,,,0.0,0.0,0.0,0.0,W,2.0,1.0,1.0,1.0,1.0,,,,0.0,0.0,0.0,0.0,2014/2015,14/15
2015-02-14,15:00,Premiership,Regular season,Sat,St Mirren,Inverness CT,L,1,2,,3154,,Bobby Madden,W,2,1,,3154,,,,L,1.0,2.0,1,,,,,,0,0,W,2.0,1.0,2,,,,,,0,0,L,1.0,2.0,2.0,2.0,2.0,,,0.0,0.0,0.0,0.0,W,2.0,1.0,1.0,1.0,1.0,,,,0.0,0.0,0.0,0.0,2014/2015,14/15
2015-02-28,15:00,Premiership,Regular season,Sat,St Mirren,Hamilton,W,1,0,,3503,,Crawford Allan,L,0,1,,3503,,,,W,1.0,0.0,1,,,,,,0,0,L,0.0,1.0,0,,,,,,0,0,W,1.0,0.0,0.0,0.0,0.0,,,0.0,0.0,0.0,0.0,L,0.0,1.0,1.0,1.0,1.0,,,,0.0,0.0,0.0,0.0,2014/2015,14/15
2015-04-03,19:45,Premiership,Regular season,Fri,St Mirren,Celtic,L,0,2,,5784,,Alan Muir,W,2,0,,5784,,,,L,0.0,2.0,0,,,,,,0,0,W,2.0,0.0,2,,,,,,1,1,L,0.0,2.0,2.0,2.0,2.0,,,1.0,1.0,0.0,0.0,W,2.0,0.0,0.0,0.0,0.0,,,,0.0,0.0,0.0,0.0,2014/2015,14/15
2015-04-13,19:45,Premiership,Regular season,Mon,St Mirren,Ross County,L,0,3,,3033,,William Collum,W,3,0,,3033,,,,L,0.0,3.0,0,,,,,,0,0,W,3.0,0.0,3,,,,,,0,0,L,0.0,3.0,3.0,3.0,3.0,,,0.0,0.0,0.0,0.0,W,3.0,0.0,0.0,0.0,0.0,,,,0.0,0.0,0.0,0.0,2014/2015,14/15
2015-04-25,15:00,Premiership,Relegation round,Sat,St Mirren,Kilmarnock,W,4,1,,3205,,Kevin Clancy,L,1,4,,3205,,,,W,4.0,1.0,4,,,,,,2,2,L,1.0,4.0,1,,,,,,0,0,W,4.0,1.0,1.0,1.0,1.0,,,0.0,0.0,0.0,0.0,L,1.0,4.0,4.0,4.0,4.0,,,,2.0,2.0,0.0,0.0,2014/2015,14/15
2015-05-16,15:00,Premiership,Relegation round,Sat,St Mirren,Motherwell,W,2,1,,3912,,Brian Colvin,L,1,2,,3912,,,,W,2.0,1.0,2,,,,,,0,0,L,1.0,2.0,1,,,,,,1,1,W,2.0,1.0,1.0,1.0,1.0,,,1.0,1.0,0.0,0.0,L,1.0,2.0,2.0,2.0,2.0,,,,0.0,0.0,0.0,0.0,2014/2015,14/15
